method,config_id,phase,config_type,natoms,reserved_20,dft_relative_energy_mev_atom,method_relative_energy_mev_atom,relative_energy_error_mev_atom,force_mae_evA,force_rmse_evA,force_max_evA
pun_mishin_2009,AlNi_iso_m02,AlNi,iso_m02,2,False,23.47600917391901,-22.539092374725733,-46.01510154864474,2.0491667332596667e-08,2.0491667332596667e-08,2.049166741847e-08
pun_mishin_2009,AlNi_iso_p02,AlNi,iso_p02,2,False,20.132954608925502,56.96790921520822,36.83495460628272,8.1132686390965e-09,8.113268639096506e-09,8.113269139853e-09
pun_mishin_2009,AlNi_rattle_003,AlNi,rattle_003,2,False,15.26592649088343,15.446757790902765,0.18083130001933512,0.0015443148891800262,0.0020040491019325305,0.003244083292500033
pun_mishin_2009,AlNi_shear015_rattle002,AlNi,shear015_rattle002,2,True,5.778201306839037,5.72716477832369,-0.0510365285153469,0.0042058881693,0.004465884906384574,0.005398407387600002
pun_mishin_2009,Al3Ni2_iso_m02,Al3Ni2,iso_m02,5,False,22.390723945136415,-2.5970443975097623,-24.987768342646177,0.03069840230013612,0.06089777776525953,0.1408862580304
pun_mishin_2009,Al3Ni2_iso_p02,Al3Ni2,iso_p02,5,False,19.349525261714007,37.08547963417814,17.735954372464136,0.0294680523164933,0.06026486638353964,0.148100248767
pun_mishin_2009,Al3Ni2_rattle_003,Al3Ni2,rattle_003,5,False,6.209392895470955,2.2037506983799915,-4.005642197090964,0.06800418306593067,0.11148925766477714,0.2483958266897
pun_mishin_2009,Al3Ni2_shear015_rattle002,Al3Ni2,shear015_rattle002,5,True,6.6570473714818945,4.151086051436437,-2.505961320045458,0.05865115542861973,0.08758177281308378,0.1921031061702
pun_mishin_2009,AlNi3_iso_m02,AlNi3,iso_m02,4,False,25.29804942332703,1.0644876397085667,-24.233561783618462,3.9692845347620724e-06,5.128400337279356e-06,8.639729879824e-06
pun_mishin_2009,AlNi3_iso_p02,AlNi3,iso_p02,4,False,21.365358184993966,43.77250131762711,22.407143132633145,3.1167153866835508e-06,4.019924981055601e-06,6.372531064267e-06
pun_mishin_2009,AlNi3_rattle_003,AlNi3,rattle_003,4,False,7.775584911541955,9.538476968771192,1.7628920572292373,0.054531755753114995,0.06269752760942142,0.12131233212570003
pun_mishin_2009,AlNi3_shear015_rattle002,AlNi3,shear015_rattle002,4,True,9.680041639512638,11.406026992677454,1.7259853531648162,0.040792724336881414,0.05893862917328965,0.1229579824243
pun_mishin_2009,Al3Ni5_iso_m02,Al3Ni5,iso_m02,8,False,24.318813760601188,-11.433686369084484,-35.75250012968567,0.03757835116831081,0.06518608585933451,0.12047067596694058
pun_mishin_2009,Al3Ni5_iso_p02,Al3Ni5,iso_p02,8,False,20.503947813722334,53.02210254511852,32.51815473139619,0.041066972638800055,0.07137497983300008,0.13805119511858635
pun_mishin_2009,Al3Ni5_rattle_003,Al3Ni5,rattle_003,8,False,7.042170087515842,8.483196932647985,1.4410268451321429,0.0626663823231189,0.08122473030222296,0.20050834750319863
pun_mishin_2009,Al3Ni5_shear015_rattle002,Al3Ni5,shear015_rattle002,8,True,7.1576824120711535,6.0967606386670425,-1.060921773404111,0.05620948980060791,0.07623491538660111,0.1394259952963276
pun_mishin_2009,Al3Ni_iso_m02,Al3Ni,iso_m02,16,False,20.270440126068934,22.74632532628873,2.475885200219796,0.05066147503117118,0.07094343004326382,0.1951114096886
pun_mishin_2009,Al3Ni_iso_p02,Al3Ni,iso_p02,16,False,17.723327042858728,13.484733385251246,-4.238593657607481,0.0761502158671576,0.09663678805489569,0.2143567988042
pun_mishin_2009,Al3Ni_rattle_003,Al3Ni,rattle_003,16,False,7.839497648774341,5.488255066055103,-2.3512425827192374,0.08136810937051936,0.10444460036645599,0.32123698931339995
pun_mishin_2009,Al3Ni_shear015_rattle002,Al3Ni,shear015_rattle002,16,True,4.067047446596916,3.6389383921529017,-0.4281090544440147,0.06618037789217333,0.08117003129418608,0.195101510403
pun_mishin_2009,AlNi_relaxed,AlNi,relaxed,2,False,0.0,0.0,0.0,3.4910776526563338e-09,3.4910776526563338e-09,3.491077704698e-09
pun_mishin_2009,Al3Ni2_relaxed,Al3Ni2,relaxed,5,False,0.0,0.0,0.0,0.028034759690838632,0.05427598086436389,0.1070420834909
pun_mishin_2009,AlNi3_relaxed,AlNi3,relaxed,4,False,0.0,0.0,0.0,3.662703240001327e-06,4.728863642702738e-06,7.582958115254e-06
pun_mishin_2009,Al3Ni5_relaxed,Al3Ni5,relaxed,8,False,0.0,0.0,0.0,0.041429283380293586,0.07254859846268878,0.14915489877767443
pun_mishin_2009,Al3Ni_relaxed,Al3Ni,relaxed,16,False,0.0,0.0,0.0,0.06555128505655743,0.08403828687903755,0.20821507643190001
pun_mishin_2009,cfg026_Al3Ni_iso_compression,Al3Ni,iso_compression,16,False,4.768912722738605,6.522030685474078,1.7531179627354732,0.05754956561311105,0.076606650132223,0.2017451157574
pun_mishin_2009,cfg027_Al3Ni_iso_expansion,Al3Ni,iso_expansion,16,False,4.462213569922824,2.514743294067756,-1.9474702758550677,0.0722024220670288,0.09106059117720043,0.21242452825320002
pun_mishin_2009,cfg045_Al3Ni5_iso_compression,Al3Ni5,iso_compression,8,False,5.708646137009055,-11.796443649272348,-17.505089786281403,0.04051896383593072,0.07061626701420634,0.14064157629343035
pun_mishin_2009,cfg046_Al3Ni5_iso_expansion,Al3Ni5,iso_expansion,8,False,4.975187328909669,22.241227508896344,17.266040179986675,0.04160138508432303,0.07263561535575674,0.14666382551304982
pun_mishin_2009,cfg089_AlNi3_iso_compression,AlNi3,iso_compression,4,False,5.882517383724917,-5.449106484597621,-11.331623868322538,3.878379520312138e-06,4.977831105211335e-06,8.115603968511e-06
pun_mishin_2009,cfg062_Al3Ni2_iso_compression,Al3Ni2,iso_compression,5,False,5.2700207012094324,-6.230890254933286,-11.500910956142718,0.028766701131666773,0.05608335895621206,0.1208000761402
pun_mishin_2009,cfg028_Al3Ni_iso_compression,Al3Ni,iso_compression,16,False,47.08923208818305,48.98587960213385,1.8966475139507963,0.049195126225617246,0.07009033871243366,0.19225137811589998
pun_mishin_2009,cfg029_Al3Ni_iso_expansion,Al3Ni,iso_expansion,16,False,38.42214492919993,32.31376365325911,-6.108381275940822,0.07715282666495227,0.09979553793909622,0.2139651871593
pun_mishin_2009,cfg047_Al3Ni5_iso_compression,Al3Ni5,iso_compression,8,False,56.177652815222245,2.611148486168169,-53.56650432905408,0.03127610872759377,0.054970076770914617,0.11505189569379085
pun_mishin_2009,cfg048_Al3Ni5_iso_expansion,Al3Ni5,iso_expansion,8,False,44.56866904183698,90.73538535051196,46.16671630867498,0.03950978453135243,0.06853487471672981,0.1262808755786251
pun_mishin_2009,cfg090_AlNi3_iso_expansion,AlNi3,iso_expansion,4,False,5.178149561743339,16.831792883466257,11.653643321722917,3.424430598099709e-06,4.403138732072662e-06,7.010843896279e-06
pun_mishin_2009,cfg063_Al3Ni2_iso_expansion,Al3Ni2,iso_expansion,5,False,4.795395678229397,14.792854974864156,9.997459296634759,0.028372925057978636,0.05577685047929865,0.1251824101897
pun_mishin_2009,cfg030_Al3Ni_uniaxial_x_compression,Al3Ni,uniaxial_x_compression,16,False,2.057833223034322,2.424032389233055,0.36619916619873294,0.0562588113150195,0.07231367197645622,0.1637531320875
pun_mishin_2009,cfg031_Al3Ni_uniaxial_y_expansion,Al3Ni,uniaxial_y_expansion,16,False,1.9854253571338631,3.3187296458287996,1.3333042886949364,0.06788623429740039,0.08728163682464876,0.2108914977943
pun_mishin_2009,cfg049_Al3Ni5_uniaxial_y_compression,Al3Ni5,uniaxial_y_compression,8,False,2.576223850610404,-7.01879908011005,-9.595022930720454,0.04174230159477344,0.0728273756701982,0.1510267807430844
pun_mishin_2009,cfg050_Al3Ni5_orthorhombic_yz,Al3Ni5,orthorhombic_yz,8,False,3.9743068432471773,3.867458355176545,-0.10684848807063219,0.04118483556374127,0.07209228148359839,0.1469627344256041
pun_mishin_2009,cfg091_AlNi3_iso_compression,AlNi3,iso_compression,4,False,58.53290467712213,19.478483536831348,-39.054421140290785,4.139103152179862e-06,5.334778756269174e-06,9.136671868812e-06
pun_mishin_2009,cfg064_Al3Ni2_iso_compression,Al3Ni2,iso_compression,5,False,51.84856370688067,12.289444520758508,-39.55911918612216,0.03332104825544786,0.06698284775576145,0.15990920353840005
pun_mishin_2009,cfg032_Al3Ni_orthorhombic_xy,Al3Ni,orthorhombic_xy,16,False,2.8124843950081413,-0.4581344351177741,-3.2706188301259154,0.0704408297811268,0.09364672655788543,0.2353828894126
pun_mishin_2009,cfg033_Al3Ni_shear_xy_negative,Al3Ni,shear_xy_negative,16,False,0.2232750289294927,0.22895556879642953,0.00568053986693684,0.0652898673118943,0.08436334581069262,0.2195882745546
pun_mishin_2009,cfg051_Al3Ni5_shear_xy_negative,Al3Ni5,shear_xy_negative,8,False,0.13447355240714387,0.36968928431502235,0.23521573190787848,0.04324562590606804,0.07271045570271997,0.1490886617954177
pun_mishin_2009,cfg052_Al3Ni5_shear_yz_positive,Al3Ni5,shear_yz_positive,8,False,-0.08844204376146081,0.9271658477416622,1.015607891503123,0.04130118498705975,0.07244886002897967,0.15123081140073535
pun_mishin_2009,cfg065_Al3Ni2_iso_expansion,Al3Ni2,iso_expansion,5,False,42.03704606406973,65.85910070756498,23.82205464349525,0.03086676285382941,0.06637824345920922,0.1716848829823
pun_mishin_2009,cfg066_Al3Ni2_uniaxial_z_expansion,Al3Ni2,uniaxial_z_expansion,5,False,2.3452380526578054,5.382803917287049,3.0375658646292436,0.022991466362482504,0.04507112543206787,0.1000150491145
pun_mishin_2009,cfg076_AlNi_iso_compression,AlNi,iso_compression,2,False,5.517094900824304,-16.02616952620295,-21.543264427027253,1.7511595941838332e-08,1.7511595941838332e-08,1.751159602742e-08
pun_mishin_2009,cfg077_AlNi_iso_expansion,AlNi,iso_expansion,2,False,4.949331853822514,24.70547946412527,19.756147610302754,1.8497363374798335e-09,1.8497363374798335e-09,1.849736371018e-09
pun_mishin_2009,cfg034_Al3Ni_shear_xz_positive,Al3Ni,shear_xz_positive,16,False,0.2613010117329395,0.17652026836811885,-0.08478074336482067,0.06722462884975221,0.084252485811845,0.2079091577869
pun_mishin_2009,cfg035_Al3Ni_rattle_small,Al3Ni,rattle_small,16,False,0.8616131133294402,1.450779400053115,0.5891662867236747,0.06570507812048944,0.08190907744829762,0.2067126508064
pun_mishin_2009,cfg053_Al3Ni5_rattle_small,Al3Ni5,rattle_small,8,False,0.5640199865410978,1.1627461291805474,0.5987261426394497,0.0465929189950289,0.07319449098586356,0.16362760041314528
pun_mishin_2009,cfg054_Al3Ni5_rattle_large,Al3Ni5,rattle_large,8,False,19.676200746289396,20.548451541340995,0.872250795051599,0.0770809882341489,0.09387205704715945,0.21753711169322099
pun_mishin_2009,cfg067_Al3Ni2_shear_xy_negative,Al3Ni2,shear_xy_negative,5,False,0.19933001167373732,0.25392196044364823,0.054591948769910914,0.029982526868029786,0.05450057005298943,0.1076044613321
pun_mishin_2009,cfg068_Al3Ni2_rattle_small,Al3Ni2,rattle_small,5,False,1.3790063225314952,1.564739816696914,0.18573349416541873,0.035129583801317726,0.051522016366618885,0.102326192860192
pun_mishin_2009,cfg078_AlNi_iso_compression,AlNi,iso_compression,2,False,54.30790941500163,-18.605147495721397,-72.91305691072303,3.981927036595833e-08,3.9819270365958336e-08,3.981927044344e-08
pun_mishin_2009,cfg079_AlNi_iso_expansion,AlNi,iso_expansion,2,False,43.75173541438926,95.61049500535734,51.85875959096808,8.592257311895834e-09,8.592257311895834e-09,8.592257419449e-09
pun_mishin_2009,cfg036_Al3Ni_rattle_large,Al3Ni,rattle_large,16,False,14.700612154683768,11.20671107072635,-3.493901083957418,0.08296704655933575,0.10858191591334838,0.36406764487201004
pun_mishin_2009,cfg037_Al3Ni_volume_rattle_compression,Al3Ni,volume_rattle_compression,16,False,38.5481726625585,40.24823119932641,1.7000585367679122,0.06356749371687792,0.08099707567346885,0.22023168457054
pun_mishin_2009,cfg055_Al3Ni5_volume_rattle_compression,Al3Ni5,volume_rattle_compression,8,False,45.15304202459447,0.7724380486910931,-44.38060397590338,0.05089633358707446,0.06470608066266309,0.1366462341101633
pun_mishin_2009,cfg092_AlNi3_iso_expansion,AlNi3,iso_expansion,4,False,46.31222702755622,79.36924199149243,33.05701496393621,2.882680716607634e-06,3.7145831903573414e-06,5.863965404165e-06
pun_mishin_2009,cfg093_AlNi3_uniaxial_y_compression,AlNi3,uniaxial_y_compression,4,False,1.7935735240826034,-3.788178733590719,-5.5817522576733225,3.7562743557315745e-06,4.872570869247142e-06,7.890065420123e-06
pun_mishin_2009,cfg069_Al3Ni2_rattle_large,Al3Ni2,rattle_large,5,False,14.472709966867114,11.923409237731164,-2.5493007291359504,0.07009876826626932,0.09707720573825197,0.20014444101389994
pun_mishin_2009,cfg070_Al3Ni2_volume_rattle_compression,Al3Ni2,volume_rattle_compression,5,False,38.804692932535545,6.197691153118967,-32.60700177941658,0.049107973855690205,0.07157115866762064,0.16225223602080002
pun_mishin_2009,cfg038_Al3Ni_shear_rattle_yz,Al3Ni,shear_rattle_yz,16,False,6.6315737424247345,3.1612748254068457,-3.470298917017889,0.08058472010017866,0.10317821453952324,0.3077821963609
pun_mishin_2009,cfg039_Al3Ni_biaxial_xy_expansion,Al3Ni,biaxial_xy_expansion,16,False,3.3018284843819856,3.9577745927834584,0.6559461084014728,0.07245328661526661,0.09367966041190808,0.2370971298072
pun_mishin_2009,cfg056_Al3Ni5_uniaxial_x_expansion,Al3Ni5,uniaxial_x_expansion,8,False,2.76736243358755,12.102082536138425,9.334720102550875,0.042121166077117835,0.07333247554644609,0.1446821120355799
pun_mishin_2009,cfg094_AlNi3_shear_xy_negative,AlNi3,shear_xy_negative,4,False,0.17978527876039152,0.43081305037162565,0.25102777161123413,3.6730576622322395e-06,4.719028164933638e-06,7.570084241294e-06
pun_mishin_2009,cfg095_AlNi3_rattle_small,AlNi3,rattle_small,4,False,1.257035234630166,1.9885774829537795,0.7315422483236134,0.02219299776802833,0.030044884888456844,0.0655434467064
pun_mishin_2009,cfg071_Al3Ni2_orthorhombic_xy,Al3Ni2,orthorhombic_xy,5,False,3.7615190205542604,2.570357666878209,-1.1911613536760512,0.035278818770987715,0.05738351727602131,0.1121643409898
pun_mishin_2009,cfg072_Al3Ni2_shear_rattle_yz_positive,Al3Ni2,shear_rattle_yz_positive,5,False,8.56936299278459,8.842349909147629,0.2729869163630383,0.030730199245164666,0.036773064459764686,0.0681943356893
pun_mishin_2009,cfg040_Al3Ni_rattle_medium,Al3Ni,rattle_medium,16,False,7.351563499014446,7.4958359291597,0.1442724301452536,0.06803333518689958,0.08627043689471181,0.23556801239069997
pun_mishin_2009,cfg041_Al3Ni_uniaxial_z_compression,Al3Ni,uniaxial_z_compression,16,True,4.875081683167082,9.221827472486677,4.346745789319595,0.06220050988575316,0.08779066266744008,0.2513905955133
pun_mishin_2009,cfg057_Al3Ni5_shear_rattle_xz_positive,Al3Ni5,shear_rattle_xz_positive,8,False,9.268449131923262,9.023934300429026,-0.2445148314942358,0.051406425669543676,0.07334366421408886,0.1655513360549366
pun_mishin_2009,cfg096_AlNi3_rattle_large,AlNi3,rattle_large,4,False,9.867058705822274,12.078217875330033,2.2111591695077593,0.052087593299850826,0.06045578377467098,0.12669108845649996
pun_mishin_2009,cfg097_AlNi3_orthorhombic_xz,AlNi3,orthorhombic_xz,4,False,1.477281604820746,1.6241946948545305,0.1469130900337845,3.5869014265883023e-06,4.600830652446746e-06,7.526429496613e-06
pun_mishin_2009,cfg073_Al3Ni2_biaxial_xy_compression,Al3Ni2,biaxial_xy_compression,5,True,9.294556419627042,-7.15110628542206,-16.445662705049102,0.022942369253225858,0.04471204473102382,0.0961579817776
pun_mishin_2009,cfg080_AlNi_uniaxial_x_expansion,AlNi,uniaxial_x_expansion,2,False,1.5216991041597794,11.451823051349841,9.930123947190062,6.1574559606185e-09,7.012847108680254e-09,8.530825795772e-09
pun_mishin_2009,cfg081_AlNi_shear_xy_negative,AlNi,shear_xy_negative,2,False,0.231058732879319,0.36130062609718294,0.13024189321786395,1.16609296108025e-08,1.2122595766727494e-08,1.633399171475e-08
pun_mishin_2009,cfg082_AlNi_rattle_small,AlNi,rattle_small,2,False,1.5387227390419866,1.777382067253086,0.23865932821109936,0.0017725299278666742,0.0020323708615729596,0.00313020748920001
pun_mishin_2009,cfg042_Al3Ni_shear_xz_negative,Al3Ni,shear_xz_negative,16,True,1.1267291429248871,0.5724028550861959,-0.5543262878386912,0.06831726912062402,0.08466818100224616,0.2071003895805
pun_mishin_2009,cfg043_Al3Ni_volume_rattle_expansion,Al3Ni,volume_rattle_expansion,16,True,53.3830582110113,46.23562964243266,-7.14742856857864,0.08058584815166302,0.10105445279122598,0.2331078932156
pun_mishin_2009,cfg058_Al3Ni5_biaxial_xz_compression,Al3Ni5,biaxial_xz_compression,8,True,8.133062711749517,-9.800381608326525,-17.933444320076042,0.0394583324663507,0.06914069099016543,0.1387944237006563
pun_mishin_2009,cfg098_AlNi3_volume_rattle_compression,AlNi3,volume_rattle_compression,4,False,41.797118823524215,10.756276036399726,-31.04084278712449,0.007815573525969998,0.01041806204797062,0.02701661596169999
pun_mishin_2009,cfg099_AlNi3_biaxial_yz_expansion,AlNi3,biaxial_yz_expansion,4,True,8.194970941076463,22.117182959827453,13.92221201875099,3.362014113173373e-06,4.333419321394357e-06,6.890099258061e-06
pun_mishin_2009,cfg074_Al3Ni2_shear_xz_negative,Al3Ni2,shear_xz_negative,5,True,1.6846902730321744,0.879359943294844,-0.8053303297373304,0.03177432429916224,0.05489900260851409,0.1079469825759
pun_mishin_2009,cfg083_AlNi_rattle_large,AlNi,rattle_large,2,False,15.206317639695044,15.59257140322412,0.38625376352907637,0.0014268372790666728,0.001956870995545072,0.0033190566790000098
pun_mishin_2009,cfg084_AlNi_volume_rattle_compression,AlNi,volume_rattle_compression,2,False,42.11617575356286,-17.065066558378916,-59.18124231194177,0.006306607227993338,0.007863184648855106,0.012870339409400022
pun_mishin_2009,cfg085_AlNi_orthorhombic_yz,AlNi,orthorhombic_yz,2,False,1.480019180689851,0.46403209807976964,-1.0159870826100814,1.6479466341304665e-08,1.7935237353850073e-08,2.598585035346e-08
pun_mishin_2009,cfg044_Al3Ni_shear_rattle_xy_negative,Al3Ni,shear_rattle_xy_negative,16,True,17.271767166676,15.463140389441854,-1.8086267772341458,0.07196593405964634,0.09302195452939259,0.26482639395543
pun_mishin_2009,cfg059_Al3Ni5_shear_yz_negative,Al3Ni5,shear_yz_negative,8,True,0.5225535187491914,-1.2708707345288062,-1.7934242532779976,0.04141327501757656,0.07197859897285444,0.13814559304750834
pun_mishin_2009,cfg060_Al3Ni5_volume_rattle_expansion,Al3Ni5,volume_rattle_expansion,8,True,62.01211814095586,112.60314452824716,50.59102638729129,0.0499356427899062,0.0706620800286472,0.1550232682200544
pun_mishin_2009,cfg061_Al3Ni5_rattle_xlarge,Al3Ni5,rattle_xlarge,8,True,26.60392860207139,25.59693888190484,-1.0069897201665512,0.0687514206941003,0.0897798581815019,0.20130912609256058
pun_mishin_2009,cfg100_AlNi3_shear_rattle_xz_negative,AlNi3,shear_rattle_xz_negative,4,True,7.112080263595999,7.8818891037233385,0.7698088401273395,0.025045697647426497,0.03240067551780889,0.06626913707410001
pun_mishin_2009,cfg075_Al3Ni2_volume_rattle_expansion,Al3Ni2,volume_rattle_expansion,5,True,59.37633097892103,86.02181744949249,26.645486470571456,0.038938212123806264,0.06838766615166372,0.1929262923772
pun_mishin_2009,cfg086_AlNi_shear_rattle_xz_positive,AlNi,shear_rattle_xz_positive,2,False,8.240881884375995,8.355159833019599,0.11427794864360408,0.004581903037430009,0.005454407202836168,0.006790177856330001
pun_mishin_2009,cfg087_AlNi_biaxial_xz_compression,AlNi,biaxial_xz_compression,2,True,8.897683097529807,-17.861984804603992,-26.7596679021338,2.179597739706333e-08,2.327469806992285e-08,2.756862589777e-08
pun_mishin_2009,cfg088_AlNi_shear_rattle_yz_negative,AlNi,shear_rattle_yz_negative,2,True,4.560079820748797,4.458025953753442,-0.10205386699535524,0.003445821712436662,0.00348675461715241,0.0039684115412099985
pun_mishin_2009,cfg101_Al3Ni_iso_compression,Al3Ni,iso_compression,16,False,86.76732214507865,85.32021817009027,-1.44710397498838,0.05746667376085544,0.07733719233027384,0.19951099974410003
pun_mishin_2009,cfg102_Al3Ni_iso_compression,Al3Ni,iso_compression,16,False,20.1459351712856,22.746475577373637,2.6005404060880366,0.050663629481103145,0.07094331094520204,0.1951047849443
pun_mishin_2009,cfg103_Al3Ni_iso_expansion,Al3Ni,iso_expansion,16,False,17.598759964812416,13.48467286733035,-4.1140870974820665,0.07615118839569514,0.0966359424967139,0.214336808883
pun_mishin_2009,cfg104_Al3Ni_volume_rattle_compression,Al3Ni,volume_rattle_compression,16,False,23.18586446995141,25.207447192780563,2.0215827228291516,0.05854118317892485,0.07592813831603722,0.22894676492764
pun_mishin_2009,cfg105_Al3Ni_volume_rattle_expansion,Al3Ni,volume_rattle_expansion,16,False,20.797195059913065,16.883675090680228,-3.913519969232837,0.07962860195389902,0.099792312549574,0.2382019096924
pun_mishin_2009,cfg106_Al3Ni_rattle_020,Al3Ni,rattle_020,16,False,3.792976310251106,2.0925697051623615,-1.7004066050887445,0.07566299577038464,0.09548756663534037,0.26660460100579997
pun_mishin_2009,cfg107_Al3Ni_volume_rattle_compression,Al3Ni,volume_rattle_compression,16,False,90.33652668176728,88.68470944030716,-1.6518172414601224,0.06521886849433443,0.08426156146935129,0.24303539994130002
pun_mishin_2009,cfg108_Al3Ni_rattle_030,Al3Ni,rattle_030,16,False,7.821449245057011,7.6821864114302585,-0.13926283362675207,0.06641209417109395,0.081241086010947,0.2321726280752
pun_mishin_2009,cfg111_Al3Ni_iso_expansion,Al3Ni,iso_expansion,16,False,85.74967009326429,77.27730286541323,-8.472367227851052,0.0743910226301148,0.0998626425208322,0.20909006123739998
pun_mishin_2009,cfg112_Al3Ni_volume_rattle_expansion,Al3Ni,volume_rattle_expansion,16,False,86.62471580373676,78.24943228272917,-8.375283521007589,0.07364148540596523,0.0975527861215649,0.2292285667363
pun_mishin_2009,cfg113_Al3Ni_iso_expansion,Al3Ni,iso_expansion,16,False,122.95074318285515,113.67301418485232,-9.277728998002829,0.07100193508736097,0.09877744871763659,0.2075219126901
pun_mishin_2009,cfg114_Al3Ni_volume_rattle_expansion,Al3Ni,volume_rattle_expansion,16,False,124.80328512015149,115.79313574874695,-9.010149371404538,0.07630697310633738,0.10453686339514581,0.2398646749257
pun_mishin_2009,cfg115_Al3Ni_iso_expansion,Al3Ni,iso_expansion,16,False,111.22990396893329,102.13801873222027,-9.091885236713011,0.07206359139012931,0.0990356886363471,0.2060257270858
pun_mishin_2009,cfg117_Al3Ni2_biaxial_xy_compression,Al3Ni2,biaxial_xy_compression,5,False,21.653801723732613,-4.06352672857011,-25.717328452302723,0.020990637384636177,0.04146129565970339,0.0947427205882
pun_mishin_2009,cfg118_AlNi3_volume_rattle_compression,AlNi3,volume_rattle_compression,4,False,29.850395078938163,6.5307714817191,-23.319623597219064,0.02106268077830416,0.03142292319552418,0.0814222626178
pun_mishin_2009,cfg119_AlNi3_volume_rattle_compression,AlNi3,volume_rattle_compression,4,False,88.32638231388046,39.97654297259068,-48.34983934128978,0.015511440393904162,0.019102151035471065,0.04346252502589998
pun_mishin_2009,cfg121_Al3Ni5_uniaxial_x_expansion,Al3Ni5,uniaxial_x_expansion,8,False,5.109471625928563,17.397163747710387,12.287692121781824,0.042109578715963436,0.07323464386199703,0.14285987612313208
pun_mishin_2009,cfg123_Al3Ni_biaxial_xy_expansion,Al3Ni,biaxial_xy_expansion,16,False,7.4319898092198855,8.183985590632936,0.7519957814130507,0.07483681765509664,0.09765372921870491,0.24951182205529998
pun_mishin_2009,cfg125_AlNi_biaxial_xz_compression,AlNi,biaxial_xz_compression,2,False,20.63363168417709,-21.355675224534743,-41.98930690871183,1.6110107770375e-08,1.6521031154808264e-08,1.869940391419e-08
pun_mishin_2009,cfg127_Al3Ni2_shear_rattle_yz_positive,Al3Ni2,shear_rattle_yz_positive,5,False,7.563403302629013,3.7893289152187037,-3.774074387410309,0.062316843710897324,0.09067545209545859,0.1837189671616
pun_mishin_2009,cfg129_Al3Ni5_shear_rattle_xz_positive,Al3Ni5,shear_rattle_xz_positive,8,False,9.0318519446555,9.350076721437617,0.3182247767821167,0.060613319540958645,0.07606714275789306,0.1696765349876261
pun_mishin_2009,cfg131_AlNi_shear_rattle_xz_positive,AlNi,shear_rattle_xz_positive,2,False,6.040164796104364,5.730726735312608,-0.30943806079175573,0.0024799957122853323,0.0025991596279781167,0.0033568128580999945
pun_mishin_2009,cfg133_AlNi_shear_rattle_yz_negative,AlNi,shear_rattle_yz_negative,2,False,9.329609289125074,7.936659744649077,-1.3929495444759965,0.0014205938340050017,0.0017264047412189885,0.0027701592089500043
pun_mishin_2009,cfg135_AlNi3_shear_rattle_xz_negative,AlNi3,shear_rattle_xz_negative,4,False,15.770567480103637,17.695236271578096,1.9246687914744598,0.05101327779248498,0.06115643438639427,0.11470490932939997
pun_mishin_2009,cfg137_Al3Ni2_orthorhombic_xy,Al3Ni2,orthorhombic_xy,5,False,8.829022714780876,5.881456747106739,-2.9475659676741373,0.03975038765295998,0.06129832545722941,0.11827501686979999
pun_mishin_2009,cfg139_AlNi_orthorhombic_yz,AlNi,orthorhombic_yz,2,False,3.3975490423472365,1.0717440996446115,-2.325804942702625,9.192891909509166e-09,1.0849354259647814e-08,1.634340630191e-08
pun_mishin_2009,cfg141_AlNi3_orthorhombic_xz,AlNi3,orthorhombic_xz,4,False,3.6841677451775467,3.4547477974280483,-0.22941994774949848,3.479537952351815e-06,4.456385452661489e-06,7.390885635095e-06
pun_mishin_2009,cfg143_Al3Ni5_biaxial_xz_compression,Al3Ni5,biaxial_xz_compression,8,False,18.911559014668455,-8.226898098945945,-27.1384571136144,0.03745862768353159,0.06563290314699687,0.1361619041152671
pun_mishin_2009,cfg145_AlNi3_biaxial_yz_expansion,AlNi3,biaxial_yz_expansion,4,False,18.431862580200686,39.01084465678473,20.57898207658404,3.1787956020633804e-06,4.107899556615304e-06,6.538222742599e-06
pun_mishin_2009,cfg146_AlNi_uniaxial_x_compression,AlNi,uniaxial,2,False,1.8178929562964186,-8.99989801781853,-10.81779097411495,1.3033519786002667e-08,1.3948844752417128e-08,2.006169624869e-08
pun_mishin_2009,cfg147_AlNi_uniaxial_y_expansion,AlNi,uniaxial,2,False,1.521698878150346,11.451823051348953,9.930124173198607,6.157455905107333e-09,7.012847049372475e-09,8.530825712505e-09
pun_mishin_2009,cfg148_AlNi_uniaxial_y_compression,AlNi,uniaxial,2,False,1.81789301268509,-8.99989801781853,-10.81779103050362,1.3033519791204334e-08,1.3948844767764755e-08,2.006169625562e-08
pun_mishin_2009,cfg149_AlNi_uniaxial_z_expansion,AlNi,uniaxial,2,False,1.5216990213957615,11.451823051349841,9.93012402995408,6.157456180350166e-09,7.0128470847799815e-09,8.530824921471e-09
pun_mishin_2009,cfg150_AlNi_uniaxial_z_compression,AlNi,uniaxial,2,False,1.817892666622356,-8.99989801781853,-10.817790684440887,1.3033519953114167e-08,1.3948844897491449e-08,2.006169637359e-08
pun_mishin_2009,cfg152_AlNi_biaxial_xy_compression,AlNi,biaxial,2,False,20.633631711007183,-21.355675224534743,-41.989306935541926,1.6110108167628334e-08,1.6521031436692163e-08,1.869940294622e-08
pun_mishin_2009,cfg153_AlNi_biaxial_xz_expansion,AlNi,biaxial,2,False,15.66224852376763,46.82316658239927,31.160918058631637,1.3964370426781666e-08,1.4710506343176153e-08,1.723510092977e-08
pun_mishin_2009,cfg154_AlNi_biaxial_yz_expansion,AlNi,biaxial,2,False,17.51567792643982,50.24471972542344,32.729041798983616,3.5997510473031675e-09,4.464579320836873e-09,7.334523044467e-09
pun_mishin_2009,cfg155_AlNi_biaxial_yz_compression,AlNi,biaxial,2,False,20.63363178194777,-21.35567522453563,-41.9893070064834,1.6110107865208333e-08,1.652103125643544e-08,1.869940395582e-08
pun_mishin_2009,cfg156_AlNi_orthorhombic_xy_expansion,AlNi,orthorhombic,2,False,2.241778379811876,0.6968738853112555,-1.5449044945006207,8.977183210343e-09,9.055108375779654e-09,1.041349959041e-08
pun_mishin_2009,cfg157_AlNi_orthorhombic_xy_compression,AlNi,orthorhombic,2,False,2.241778302050079,0.6968738853112555,-1.5449044167388237,8.977183252554166e-09,9.055108418066601e-09,1.041349967368e-08
pun_mishin_2009,cfg158_AlNi_orthorhombic_xz_expansion,AlNi,orthorhombic,2,False,3.397549060082383,1.0717440996454997,-2.3258049604368836,9.192891863829e-09,1.0849354193990057e-08,1.634340618395e-08
pun_mishin_2009,cfg159_AlNi_orthorhombic_xz_compression,AlNi,orthorhombic,2,False,3.3975491119235812,1.0717440996446115,-2.3258050122789697,9.192891608245333e-09,1.0849353961611777e-08,1.634340536516e-08
pun_mishin_2009,cfg160_AlNi_orthorhombic_yz_compression,AlNi,orthorhombic,2,False,2.2417782120101037,0.6968738853112555,-1.5449043266988483,8.977182539004833e-09,9.055107666199887e-09,1.041349920877e-08
pun_mishin_2009,cfg166_AlNi_shear_rattle_xz_negative,AlNi,shear_rattle,2,False,8.451076053006545,8.082698257497078,-0.3683777955094669,0.004432813803549995,0.005384275492755153,0.008184260405969996
pun_mishin_2009,cfg170_AlNi_volume_rattle_expansion,AlNi,volume_rattle,2,False,99.97008189429835,169.91886692385629,69.94878502955794,0.014443894265010339,0.017354101955990915,0.023782659766900013
pun_mishin_2009,cfg172_Al3Ni_uniaxial_x_expansion,Al3Ni,uniaxial,16,False,3.2183521791466774,1.87592380238355,-1.3424283767631273,0.07286500152789559,0.09608010848095748,0.245635533036
pun_mishin_2009,cfg173_Al3Ni_uniaxial_y_compression,Al3Ni,uniaxial,16,False,2.069804367465622,0.292666875864267,-1.777137491601355,0.06362957955932431,0.08270347916486694,0.2058901972072
pun_mishin_2009,cfg174_Al3Ni_uniaxial_z_expansion,Al3Ni,uniaxial,16,False,1.9906830773379625,-2.052727599807902,-4.043410677145864,0.06641273989206965,0.0823127195822168,0.1747899698115
pun_mishin_2009,cfg175_Al3Ni_uniaxial_z_compression,Al3Ni,uniaxial,16,False,2.1653052699548425,5.516427849499905,3.3511225795450628,0.06356909041926534,0.0865151046427623,0.23829667581529998
pun_mishin_2009,cfg176_Al3Ni_biaxial_xy_compression,Al3Ni,biaxial,16,False,19.289981296878977,16.845625680311116,-2.4443556165678615,0.04705150297524599,0.061113250241543016,0.1257689033635
pun_mishin_2009,cfg177_Al3Ni_biaxial_xz_expansion,Al3Ni,biaxial,16,False,15.11411799083362,6.293703368700498,-8.820414622133121,0.07368040698867658,0.09379200268858379,0.1960464400977
pun_mishin_2009,cfg178_Al3Ni_biaxial_xz_compression,Al3Ni,biaxial,16,False,17.730827604736987,22.34826072929952,4.617433124562531,0.04607884685129243,0.06771191176171644,0.17794175663290002
pun_mishin_2009,cfg179_Al3Ni_biaxial_yz_expansion,Al3Ni,biaxial,16,False,17.393224652550998,12.36858601612889,-5.024638636422107,0.07262324993512363,0.0913779738295932,0.16253357885269998
pun_mishin_2009,cfg180_Al3Ni_biaxial_yz_compression,Al3Ni,biaxial,16,False,20.44412283225938,21.560704550053433,1.1165817177940518,0.060619076211738655,0.09304644179085278,0.2685757255597
pun_mishin_2009,cfg181_Al3Ni_orthorhombic_xy_compression,Al3Ni,orthorhombic,16,False,4.89375934535019,5.955526987302839,1.061767641952649,0.056062042905754166,0.07630054260135873,0.16352527302570002
pun_mishin_2009,cfg182_Al3Ni_orthorhombic_xz_expansion,Al3Ni,orthorhombic,16,False,6.846769958428922,9.563898121973669,2.7171281635447464,0.07198553576747023,0.10483901478749118,0.2986639666963
pun_mishin_2009,cfg183_Al3Ni_orthorhombic_xz_compression,Al3Ni,orthorhombic,16,False,7.27221670263134,0.20547030604545213,-7.066746396585888,0.05232032699921652,0.06857709363822813,0.15020359134459998
pun_mishin_2009,cfg184_Al3Ni_orthorhombic_yz_expansion,Al3Ni,orthorhombic,16,False,4.873410266100109,9.951038878436957,5.077628612336849,0.06479414708001648,0.08992146125052732,0.24693327803160003
pun_mishin_2009,cfg185_Al3Ni_orthorhombic_yz_compression,Al3Ni,orthorhombic,16,False,4.490208195420564,-3.759633000449014,-8.249841195869578,0.06306630877994569,0.07890265840570844,0.1565287137546
pun_mishin_2009,cfg189_Al3Ni_shear_rattle_xz_positive,Al3Ni,shear_rattle,16,False,7.175431135237886,5.542240384627473,-1.6331907506104137,0.06857333581435544,0.08955814220837886,0.2649606474424
pun_mishin_2009,cfg191_Al3Ni_shear_rattle_xz_negative,Al3Ni,shear_rattle,16,False,7.317794683331158,3.7353472230279294,-3.5824474603032286,0.08233286662291245,0.10469523105238537,0.27582827349105
pun_mishin_2009,cfg194_Al3Ni_shear_rattle_yz_negative,Al3Ni,shear_rattle,16,False,12.628109413299171,8.306898974002053,-4.3212104392971185,0.08142549083720109,0.10318115036440262,0.27578417815870004
pun_mishin_2009,cfg195_Al3Ni2_uniaxial_x_expansion,Al3Ni2,uniaxial,5,False,3.6901150644553127,11.152143460960673,7.46202839650536,0.034889555981886956,0.06177959087939534,0.129269067584
pun_mishin_2009,cfg198_Al3Ni2_uniaxial_y_compression,Al3Ni2,uniaxial,5,False,2.3424534920195583,-4.379188057676231,-6.721641549695789,0.02903485656712588,0.050492956837052204,0.09932615534389999
pun_mishin_2009,cfg201_Al3Ni2_biaxial_xz_expansion,Al3Ni2,biaxial,5,False,17.11596012719383,30.044157575900243,12.928197448706413,0.028854545397882896,0.05311934661763331,0.13081188764090002
pun_mishin_2009,cfg202_Al3Ni2_biaxial_xz_compression,Al3Ni2,biaxial,5,False,20.122422139684204,-0.3736288925679787,-20.496051032252183,0.040670619858360936,0.06893686414491981,0.1527829253281
pun_mishin_2009,cfg203_Al3Ni2_biaxial_yz_expansion,Al3Ni2,biaxial,5,False,19.018455042532878,32.50164838570839,13.483193343175515,0.029483721542367156,0.053364437783383685,0.1320270548679
pun_mishin_2009,cfg204_Al3Ni2_biaxial_yz_compression,Al3Ni2,biaxial,5,False,22.851514558351482,0.8433211122316209,-22.00819344611986,0.042341480399387475,0.07032754455529139,0.1562153579244
pun_mishin_2009,cfg205_Al3Ni2_orthorhombic_xy_compression,Al3Ni2,orthorhombic,5,False,5.276336183669628,3.5794899997121377,-1.69684618395749,0.03535558060941497,0.057984280593178096,0.1146902136703
pun_mishin_2009,cfg206_Al3Ni2_orthorhombic_xz_expansion,Al3Ni2,orthorhombic,5,False,10.134077793554752,11.814098842067722,1.6800210485129696,0.04481026179655785,0.07743393988639173,0.1538671729468
pun_mishin_2009,cfg207_Al3Ni2_orthorhombic_xz_compression,Al3Ni2,orthorhombic,5,False,8.933400247769896,2.059617563387661,-6.873782684382235,0.020378324571282726,0.03257700345402272,0.0688941413073
pun_mishin_2009,cfg208_Al3Ni2_orthorhombic_yz_expansion,Al3Ni2,orthorhombic,5,False,6.4711001788964495,8.445104056539776,1.9740038776433266,0.041041305473937396,0.0728886461546956,0.1447700778105
pun_mishin_2009,cfg209_Al3Ni2_orthorhombic_yz_compression,Al3Ni2,orthorhombic,5,False,5.884884593979223,0.7274151077687918,-5.157469486210431,0.022078641256294405,0.03641297163113031,0.0768531792795
pun_mishin_2009,cfg214_Al3Ni2_shear_rattle_xz_positive,Al3Ni2,shear_rattle,5,False,5.231774076673901,3.460155058125025,-1.7716190185488756,0.03736347241178539,0.05476198411619063,0.11431622575390002
pun_mishin_2009,cfg216_Al3Ni2_shear_rattle_xz_negative,Al3Ni2,shear_rattle,5,False,6.687314145528944,4.770994852179911,-1.9163192933490336,0.04000823907575601,0.05259390359267285,0.09676350052503
pun_mishin_2009,cfg219_Al3Ni2_shear_rattle_yz_negative,Al3Ni2,shear_rattle,5,False,15.682022979672183,10.677807367760295,-5.004215611911889,0.05431978712860867,0.07019495358207117,0.1358716343296
pun_mishin_2009,cfg220_Al3Ni2_volume_rattle_expansion,Al3Ni2,volume_rattle,5,False,95.70276066115184,125.27699839480135,29.57423773364951,0.034367173929992,0.06785048428739876,0.19218076221130004
pun_mishin_2009,cfg222_Al3Ni5_uniaxial_x_compression,Al3Ni5,uniaxial,8,False,2.1457827133417595,-5.282850054805444,-7.428632768147203,0.039832389578423694,0.07047674903544267,0.1512723192129587
pun_mishin_2009,cfg223_Al3Ni5_uniaxial_y_expansion,Al3Ni5,uniaxial,8,False,2.1621061227961036,11.434628417168469,9.272522294372365,0.0411185195983943,0.07207821493354505,0.1443546243558757
pun_mishin_2009,cfg224_Al3Ni5_uniaxial_z_expansion,Al3Ni5,uniaxial,8,False,2.190166022046469,11.267744904107424,9.077578882060955,0.04092355596782224,0.07182916081471695,0.1534307059640547
pun_mishin_2009,cfg227_Al3Ni5_biaxial_xy_compression,Al3Ni5,biaxial,8,False,24.292907501148875,-7.043238042115263,-31.336145543264138,0.03761657907589578,0.06621602670621034,0.14825987272911728
pun_mishin_2009,cfg228_Al3Ni5_biaxial_xz_expansion,Al3Ni5,biaxial,8,False,17.85442832397166,45.086320640407074,27.231892316435413,0.04113589019999419,0.07156833163892001,0.1427611757576862
pun_mishin_2009,cfg229_Al3Ni5_biaxial_yz_expansion,Al3Ni5,biaxial,8,False,18.234640710943495,48.48596499740676,30.251324286463266,0.0391490942253852,0.06808799399237049,0.13287497022128872
pun_mishin_2009,cfg230_Al3Ni5_biaxial_yz_compression,Al3Ni5,biaxial,8,False,22.276405330103444,-13.841824016614268,-36.11822934671771,0.0398339040428422,0.07061469661712032,0.15250978631814033
pun_mishin_2009,cfg231_Al3Ni5_orthorhombic_xy_expansion,Al3Ni5,orthorhombic,8,False,4.792749064563395,1.7946829416528587,-2.9980661229105365,0.04248694846829054,0.0739557576551988,0.14392562212940913
pun_mishin_2009,cfg232_Al3Ni5_orthorhombic_xy_compression,Al3Ni5,orthorhombic,8,False,4.190288540939946,6.041289862960042,1.851001322020096,0.03883429072113868,0.06904049010585438,0.1447356261460999
pun_mishin_2009,cfg233_Al3Ni5_orthorhombic_xz_expansion,Al3Ni5,orthorhombic,8,False,7.744447507775476,4.122133663190475,-3.622313844585001,0.042061558505916675,0.07318651558759308,0.14482478009658123
pun_mishin_2009,cfg234_Al3Ni5_orthorhombic_xz_compression,Al3Ni5,orthorhombic,8,False,6.589519156477763,8.286093185180476,1.6965740287027131,0.03775209239275993,0.06749853075306583,0.1546188732194505
pun_mishin_2009,cfg235_Al3Ni5_orthorhombic_yz_compression,Al3Ni5,orthorhombic,8,False,6.871058336400893,5.727113596995181,-1.1439447394057112,0.04116572709893503,0.07241594672417193,0.16134280547838328
pun_mishin_2009,cfg241_Al3Ni5_shear_rattle_xz_negative,Al3Ni5,shear_rattle,8,False,6.359821908063168,6.767603361222285,0.4077814531591173,0.05102968944291749,0.07173890452018353,0.16704561122612582
pun_mishin_2009,cfg244_Al3Ni5_shear_rattle_yz_negative,Al3Ni5,shear_rattle,8,False,6.661926597189449,0.6143146993675686,-6.047611897821881,0.05974711727090687,0.0809266763734353,0.1598587089179636
pun_mishin_2009,cfg245_Al3Ni5_volume_rattle_expansion,Al3Ni5,volume_rattle,8,False,102.01621392707239,165.8615984383607,63.8453845112883,0.05340263031037525,0.07044782443674308,0.14961972907399385
pun_mishin_2009,cfg247_AlNi3_uniaxial_x_expansion,AlNi3,uniaxial,4,False,2.8537292814689863,10.568893295026527,7.715164013557541,3.4775987108022323e-06,4.482984915058202e-06,7.169878395208e-06
pun_mishin_2009,cfg248_AlNi3_uniaxial_x_compression,AlNi3,uniaxial,4,False,1.797152733161056,-3.7853693410347944,-5.58252207419585,3.803836290909035e-06,4.900563591563397e-06,7.890083451244e-06
pun_mishin_2009,cfg249_AlNi3_uniaxial_y_expansion,AlNi3,uniaxial,4,False,1.5686769615967933,7.573674847500378,6.004997885903585,3.5158346605579637e-06,4.539450864244505e-06,7.260917905984e-06
pun_mishin_2009,cfg250_AlNi3_uniaxial_z_expansion,AlNi3,uniaxial,4,False,1.5686770698266628,7.573674847535905,6.004997777709242,3.543196826936306e-06,4.5843764908732255e-06,7.351712822783e-06
pun_mishin_2009,cfg251_AlNi3_uniaxial_z_compression,AlNi3,uniaxial,4,False,1.7935734363163647,-3.788178733654668,-5.581752169971033,3.6928492922215877e-06,4.747073295997731e-06,7.75513726524e-06
pun_mishin_2009,cfg252_AlNi3_biaxial_xy_expansion,AlNi3,biaxial,4,False,8.191054362669092,22.112875422200418,13.921821059531325,3.350357158186168e-06,4.302911881154336e-06,6.831497499105e-06
pun_mishin_2009,cfg253_AlNi3_biaxial_xy_compression,AlNi3,biaxial,4,False,22.185528354384587,-0.4236712931433573,-22.609199647527944,4.060838930563244e-06,5.297188677347008e-06,8.731644025568e-06
pun_mishin_2009,cfg254_AlNi3_biaxial_xz_expansion,AlNi3,biaxial,4,False,16.463968620428204,35.94520179673033,19.481233176302126,3.2177313059345277e-06,4.1457165382481735e-06,6.612152037995e-06
pun_mishin_2009,cfg255_AlNi3_biaxial_xz_compression,AlNi3,biaxial,4,False,19.68208340167621,-1.3902534719889559,-21.072336873665165,3.938471361116593e-06,5.029452177885845e-06,8.438380420057e-06
pun_mishin_2009,cfg256_AlNi3_biaxial_yz_compression,AlNi3,biaxial,4,False,22.177995787387772,-0.4268369026521057,-22.604832690039878,3.8479658461754665e-06,4.979354219135812e-06,8.506441688808e-06
pun_mishin_2009,cfg257_AlNi3_orthorhombic_xy_expansion,AlNi3,orthorhombic,4,False,2.336386819024483,2.359129194340781,0.02274237531629808,3.584522341397581e-06,4.662408581346518e-06,7.584606314746e-06
pun_mishin_2009,cfg258_AlNi3_orthorhombic_xy_compression,AlNi3,orthorhombic,4,False,2.3458021560145426,2.3675791215893582,0.021776965574815677,3.6898071527107796e-06,4.739472978255624e-06,7.584616389305e-06
pun_mishin_2009,cfg259_AlNi3_orthorhombic_xz_compression,AlNi3,orthorhombic,4,False,3.6956876874683076,3.4645407632218905,-0.23114692424641703,3.6915726236997706e-06,4.779497538573482e-06,7.709176816087e-06
pun_mishin_2009,cfg260_AlNi3_orthorhombic_yz_expansion,AlNi3,orthorhombic,4,False,2.3419065200869227,2.3646976743263437,0.02279115423942102,3.5631931643618794e-06,4.563533724102336e-06,7.474097119435e-06
pun_mishin_2009,cfg261_AlNi3_orthorhombic_yz_compression,AlNi3,orthorhombic,4,False,2.3419060794367397,2.3646976743911807,0.022791594954441052,3.597267835556161e-06,4.693491038908115e-06,7.640756059217e-06
pun_mishin_2009,cfg266_AlNi3_shear_rattle_xz_positive,AlNi3,shear_rattle,4,False,7.76414210713483,8.715853262518891,0.9517111553840607,0.041407582496274166,0.04536691236693331,0.0710581974658
pun_mishin_2009,cfg269_AlNi3_shear_rattle_yz_positive,AlNi3,shear_rattle,4,False,4.392710021420498,4.924567323063123,0.5318573016426242,0.024311280106301666,0.030944025524779935,0.07036351491229997
pun_mishin_2009,cfg271_AlNi3_shear_rattle_yz_negative,AlNi3,shear_rattle,4,False,12.918730616092944,13.253996442672111,0.3352658265791675,0.030201949828131663,0.041990080712271276,0.10836006435429996
pun_mishin_2009,cfg272_AlNi3_volume_rattle_expansion,AlNi3,volume_rattle,4,False,108.3222515194393,157.33660330908705,49.01435178964775,0.0671168375959525,0.07013423619668221,0.09369464954720003
pun_mishin_2009,cfg273_Al3Ni_shear_xy_negative,Al3Ni,shear_xy,16,False,3.9125175471781404,2.6474695294695927,-1.2650480177085477,0.06303702290473889,0.08879756648340056,0.2421309858564
pun_mishin_2009,cfg275_Al3Ni5_shear_yz_negative,Al3Ni5,shear_yz,8,False,0.8526529231858149,-1.3767086903477832,-2.229361613533598,0.04132057974591293,0.07172746724276484,0.13512726222548613
pun_mishin_2009,cfg276_Al3Ni5_rattle_xxlarge,Al3Ni5,rattle,8,False,37.537689330747526,37.82003858101923,0.2823492502717073,0.06797581993473396,0.08312328284516535,0.16590416387213386
pun_mishin_2009,cfg279_Al3Ni2_shear_xy_negative_sweep,Al3Ni2,shear_xy,5,False,7.390555041638436,5.161676309040075,-2.2288787325983606,0.0394157344744063,0.06015194060007597,0.1174220096416
pun_mishin_2009,cfg280_AlNi_shear_xy_positive,AlNi,shear_xy,2,False,3.736863185167749,3.24753606239625,-0.48932712277149903,1.0669181926826665e-08,1.0770037093738585e-08,1.260322615715e-08
pun_mishin_2009,cfg281_AlNi_shear_yz_positive,AlNi,shear_yz,2,False,3.736863181075023,3.247536062395362,-0.48932711867966106,1.0669181810020833e-08,1.0770036972621164e-08,1.260322567836e-08
pun_mishin_2009,cfg282_AlNi_volume_rattle_iso_negative,AlNi,isotropic,2,False,109.21889255996575,5.9611331711302284,-103.25775938883552,0.00971640217203999,0.013588184352021472,0.02312214257699996
pun_mishin_2009,cfg283_Al3Ni_uniaxial_z_compression,Al3Ni,uniaxial_z,16,False,9.84547835560079,14.87882577420363,5.03334741860284,0.060490266328196596,0.08966992042000511,0.2669718618058
pun_mishin_2009,cfg284_Al3Ni_volume_rattle_compression,Al3Ni,isotropic,16,False,132.61015948410204,126.36523413350753,-6.244925350594514,0.06973421189745808,0.0893526054383421,0.24995924361048
pun_mishin_2009,cfg287_Al3Ni_iso_expansion,Al3Ni,iso_expansion,16,False,66.13093277405824,58.39776394080509,-7.733168833253146,0.0759518870503425,0.10041063717632974,0.2115104323302
pun_mishin_2009,cfg288_Al3Ni_iso_expansion,Al3Ni,iso_expansion,16,False,82.33291941678544,73.97062042009938,-8.362298996686064,0.07468885871394933,0.09998110396929435,0.2095362979706
pun_mishin_2009,cfg289_Al3Ni_iso_expansion,Al3Ni,iso_expansion,16,False,99.98148701993159,91.12285323632241,-8.858633783609179,0.0730989529439048,0.09936498750765108,0.2072958693703
pun_mishin_2009,cfg290_Al3Ni_volume_rattle_expansion,Al3Ni,volume_rattle_expansion,16,False,40.85529341750771,34.832752281695804,-6.022541135811906,0.08061243536296536,0.10163197580332219,0.2530965566974
pun_mishin_2009,cfg292_Al3Ni_volume_rattle_expansion,Al3Ni,volume_rattle_expansion,16,False,67.42691811405166,60.04643897604822,-7.380479138003437,0.07611548618600272,0.09816529963064399,0.2155224746044
pun_mishin_2009,cfg293_Al3Ni_volume_rattle_expansion,Al3Ni,volume_rattle_expansion,16,False,83.65178988265143,75.23917979113648,-8.41261009151495,0.0788370767041612,0.10085285814408816,0.2671325890778
pun_mishin_2009,cfg294_Al3Ni_volume_rattle_expansion,Al3Ni,volume_rattle_expansion,16,False,101.56649535815632,92.38934234390771,-9.177153014248603,0.07486490923554913,0.1019606598159737,0.246421199546
mishin_2004_ipr2,AlNi_iso_m02,AlNi,iso_m02,2,False,23.47600917391901,-2.637847468649035,-26.113856642568045,3.1431956037075e-08,3.1431956037075e-08,3.143195616631e-08
mishin_2004_ipr2,AlNi_iso_p02,AlNi,iso_p02,2,False,20.132954608925502,56.14356362161743,36.01060901269193,1.1704598092538332e-08,1.1704598092538345e-08,1.170459883182e-08
mishin_2004_ipr2,AlNi_rattle_003,AlNi,rattle_003,2,False,15.26592649088343,23.13513627175645,7.869209780873021,0.1555705239681333,0.1758851008584719,0.2432056701591
mishin_2004_ipr2,AlNi_shear015_rattle002,AlNi,shear015_rattle002,2,True,5.778201306839037,8.612949177950746,2.834747871111709,0.09599573833963333,0.0987244491488362,0.1276961877286
mishin_2004_ipr2,Al3Ni2_iso_m02,Al3Ni2,iso_m02,5,False,22.390723945136415,29.598322631705543,7.207598686569128,0.03541526420577856,0.09342937306714273,0.2556813662572
mishin_2004_ipr2,Al3Ni2_iso_p02,Al3Ni2,iso_p02,5,False,19.349525261714007,22.08595045680255,2.736425195088543,0.051912828342161405,0.10261111305233078,0.23468070468719998
mishin_2004_ipr2,Al3Ni2_rattle_003,Al3Ni2,rattle_003,5,False,6.209392895470955,1.641673777627517,-4.567719117843438,0.082289070284442,0.1288165170587565,0.3029140224812
mishin_2004_ipr2,Al3Ni2_shear015_rattle002,Al3Ni2,shear015_rattle002,5,True,6.6570473714818945,5.469661211624555,-1.1873861598573399,0.08797309420242601,0.1292466472976192,0.3278783034333
mishin_2004_ipr2,AlNi3_iso_m02,AlNi3,iso_m02,4,False,25.29804942332703,28.10812881323166,2.8100793899046295,4.870174236100458e-06,6.298921210099393e-06,1.08041017237e-05
mishin_2004_ipr2,AlNi3_iso_p02,AlNi3,iso_p02,4,False,21.365358184993966,19.261052224393005,-2.1043059606009606,3.549237662645648e-06,4.588296441947262e-06,7.781194631361e-06
mishin_2004_ipr2,AlNi3_rattle_003,AlNi3,rattle_003,4,False,7.775584911541955,11.622316896806595,3.8467319852646398,0.11641962030666332,0.14114313908273948,0.30293202635289995
mishin_2004_ipr2,AlNi3_shear015_rattle002,AlNi3,shear015_rattle002,4,True,9.680041639512638,13.01127828889026,3.3312366493776224,0.07980780020083166,0.11065127934807159,0.258193944221
mishin_2004_ipr2,Al3Ni5_iso_m02,Al3Ni5,iso_m02,8,False,24.318813760601188,24.168991430462583,-0.1498223301386048,0.07875385119564342,0.1420222662063525,0.31979946861905956
mishin_2004_ipr2,Al3Ni5_iso_p02,Al3Ni5,iso_p02,8,False,20.503947813722334,25.222883024157206,4.718935210434871,0.06394346933168868,0.12164734080528256,0.2932092887503853
mishin_2004_ipr2,Al3Ni5_rattle_003,Al3Ni5,rattle_003,8,False,7.042170087515842,10.848044599846673,3.8058745123308313,0.12846927493090043,0.17454887067158842,0.49436262765820177
mishin_2004_ipr2,Al3Ni5_shear015_rattle002,Al3Ni5,shear015_rattle002,8,True,7.1576824120711535,5.7641215312429495,-1.393560880828204,0.0942402207613376,0.1281234525195035,0.2547329645151555
mishin_2004_ipr2,Al3Ni_iso_m02,Al3Ni,iso_m02,16,False,20.270440126068934,34.34883284923629,14.078392723167354,0.09004521411150583,0.11516202917122102,0.2312686406951
mishin_2004_ipr2,Al3Ni_iso_p02,Al3Ni,iso_p02,16,False,17.723327042858728,6.940045490614111,-10.783281552244617,0.09617146488599086,0.11777954038574293,0.2473887590131
mishin_2004_ipr2,Al3Ni_rattle_003,Al3Ni,rattle_003,16,False,7.839497648774341,7.865871242666689,0.02637359389234817,0.11919316528230867,0.14142915180464627,0.2959291865618
mishin_2004_ipr2,Al3Ni_shear015_rattle002,Al3Ni,shear015_rattle002,16,True,4.067047446596916,4.3952629376620145,0.32821549106509806,0.1002946588314023,0.11815336116592773,0.2403706455244
mishin_2004_ipr2,AlNi_relaxed,AlNi,relaxed,2,False,0.0,0.0,0.0,5.2130521360164995e-09,5.2130521360165e-09,5.213052226005e-09
mishin_2004_ipr2,Al3Ni2_relaxed,Al3Ni2,relaxed,5,False,0.0,0.0,0.0,0.045841907923980255,0.09139443194894252,0.2141680457764
mishin_2004_ipr2,AlNi3_relaxed,AlNi3,relaxed,4,False,0.0,0.0,0.0,4.2031518865272535e-06,5.437769191813624e-06,9.226371312421e-06
mishin_2004_ipr2,Al3Ni5_relaxed,Al3Ni5,relaxed,8,False,0.0,0.0,0.0,0.06881235896952947,0.12815494237994157,0.3025886624841458
mishin_2004_ipr2,Al3Ni_relaxed,Al3Ni,relaxed,16,False,0.0,0.0,0.0,0.0908548162728388,0.11572130090706131,0.2362869989144
mishin_2004_ipr2,cfg026_Al3Ni_iso_compression,Al3Ni,iso_compression,16,False,4.768912722738605,11.501868366731838,6.7329556439932325,0.0898783208706101,0.11537115357889648,0.2332440726616
mishin_2004_ipr2,cfg027_Al3Ni_iso_expansion,Al3Ni,iso_expansion,16,False,4.462213569922824,-1.2149722313274935,-5.677185801250317,0.09359049350388012,0.11648146468870241,0.24095704032600002
mishin_2004_ipr2,cfg045_Al3Ni5_iso_compression,Al3Ni5,iso_compression,8,False,5.708646137009055,5.073006051199869,-0.635640085809186,0.0731112179281575,0.13394423380198647,0.30972307159488427
mishin_2004_ipr2,cfg046_Al3Ni5_iso_expansion,Al3Ni5,iso_expansion,8,False,4.975187328909669,7.229465498249432,2.254278169339763,0.06579223605944845,0.12419531429368533,0.2973037138575247
mishin_2004_ipr2,cfg089_AlNi3_iso_compression,AlNi3,iso_compression,4,False,5.882517383724917,7.420696077812039,1.5381786940871223,4.566082710513398e-06,5.87113849634774e-06,9.973211342107e-06
mishin_2004_ipr2,cfg062_Al3Ni2_iso_compression,Al3Ni2,iso_compression,5,False,5.2700207012094324,7.57009062021865,2.3000699190092178,0.04014344467162521,0.08961469802765255,0.23692026023630003
mishin_2004_ipr2,cfg028_Al3Ni_iso_compression,Al3Ni,iso_compression,16,False,47.08923208818305,69.74511975043463,22.655887662251573,0.09037479680566297,0.11491452177256274,0.22975831905709998
mishin_2004_ipr2,cfg029_Al3Ni_iso_expansion,Al3Ni,iso_expansion,16,False,38.42214492919993,23.660539416789472,-14.761605512410458,0.09819508748591481,0.11946376581539463,0.2550002423951
mishin_2004_ipr2,cfg047_Al3Ni5_iso_compression,Al3Ni5,iso_compression,8,False,56.177652815222245,59.21271222186242,3.0350594066401726,0.0857922205678014,0.15273991798789774,0.33397266149502397
mishin_2004_ipr2,cfg048_Al3Ni5_iso_expansion,Al3Ni5,iso_expansion,8,False,44.56866904183698,52.59332743706846,8.024658395231477,0.06307709815033412,0.12002168973685605,0.28933974517519123
mishin_2004_ipr2,cfg090_AlNi3_iso_expansion,AlNi3,iso_expansion,4,False,5.178149561743339,4.346889547421462,-0.8312600143218773,3.905868617555319e-06,5.032752990381036e-06,8.517161222486e-06
mishin_2004_ipr2,cfg063_Al3Ni2_iso_expansion,Al3Ni2,iso_expansion,5,False,4.795395678229397,5.332143896805519,0.5367482185761219,0.04979123469903677,0.09639428061231112,0.1869292555652
mishin_2004_ipr2,cfg030_Al3Ni_uniaxial_x_compression,Al3Ni,uniaxial_x_compression,16,False,2.057833223034322,4.031592962495001,1.9737597394606787,0.09091903955038272,0.11290578240727206,0.20522910080509998
mishin_2004_ipr2,cfg031_Al3Ni_uniaxial_y_expansion,Al3Ni,uniaxial_y_expansion,16,False,1.9854253571338631,0.8796736856222509,-1.1057516715116122,0.09044001837766612,0.11452625035171353,0.24740286158810001
mishin_2004_ipr2,cfg049_Al3Ni5_uniaxial_y_compression,Al3Ni5,uniaxial_y_compression,8,False,2.576223850610404,1.1877225506271571,-1.388501299983247,0.06906817368047209,0.12834971536657522,0.29774523464001484
mishin_2004_ipr2,cfg050_Al3Ni5_orthorhombic_yz,Al3Ni5,orthorhombic_yz,8,False,3.9743068432471773,4.477485775834289,0.5031789325871117,0.06823341606146416,0.12749841125752004,0.309942959599687
mishin_2004_ipr2,cfg091_AlNi3_iso_compression,AlNi3,iso_compression,4,False,58.53290467712213,63.921608226068294,5.388703548946161,5.2573901503148946e-06,6.7799461193875356e-06,1.17063151562e-05
mishin_2004_ipr2,cfg064_Al3Ni2_iso_compression,Al3Ni2,iso_compression,5,False,51.84856370688067,67.70024741283365,15.85168370595298,0.048299341472482556,0.10437738596155723,0.2709158213441
mishin_2004_ipr2,cfg032_Al3Ni_orthorhombic_xy,Al3Ni,orthorhombic_xy,16,False,2.8124843950081413,0.7819340525121454,-2.030550342495996,0.10042852833208671,0.12415491072129614,0.2477909377013
mishin_2004_ipr2,cfg033_Al3Ni_shear_xy_negative,Al3Ni,shear_xy_negative,16,False,0.2232750289294927,0.27687737944992463,0.05360235052043194,0.09206845338543661,0.1161831518757592,0.24455547798219998
mishin_2004_ipr2,cfg051_Al3Ni5_shear_xy_negative,Al3Ni5,shear_xy_negative,8,False,0.13447355240714387,0.437800312009351,0.3033267596022071,0.07052857417016266,0.12833133967558935,0.3028097938129679
mishin_2004_ipr2,cfg052_Al3Ni5_shear_yz_positive,Al3Ni5,shear_yz_positive,8,False,-0.08844204376146081,-0.19448418807588297,-0.10604214431442216,0.06755433502306105,0.12564811127030528,0.29715411343245673
mishin_2004_ipr2,cfg065_Al3Ni2_iso_expansion,Al3Ni2,iso_expansion,5,False,42.03704606406973,48.8464916150015,6.80944555093177,0.052328295500310644,0.10910526322693648,0.2746093691161
mishin_2004_ipr2,cfg066_Al3Ni2_uniaxial_z_expansion,Al3Ni2,uniaxial_z_expansion,5,False,2.3452380526578054,0.07395151503288844,-2.271286537624917,0.044207833446195076,0.08590527982411936,0.1801827589243
mishin_2004_ipr2,cfg076_AlNi_iso_compression,AlNi,iso_compression,2,False,5.517094900824304,-9.15879091687799,-14.675885817702294,2.653536536873167e-08,2.653536536873167e-08,2.653536546049e-08
mishin_2004_ipr2,cfg077_AlNi_iso_expansion,AlNi,iso_expansion,2,False,4.949331853822514,22.506301764255277,17.556969910432763,2.718759427947333e-09,2.7187594279473335e-09,2.718759453679e-09
mishin_2004_ipr2,cfg034_Al3Ni_shear_xz_positive,Al3Ni,shear_xz_positive,16,False,0.2613010117329395,0.2845293471063215,0.02322833537338198,0.09246363102994477,0.1158762390187469,0.2359267167936
mishin_2004_ipr2,cfg035_Al3Ni_rattle_small,Al3Ni,rattle_small,16,False,0.8616131133294402,1.7983185622680864,0.9367054489386462,0.09554606207050342,0.1186412399328434,0.28114843856710003
mishin_2004_ipr2,cfg053_Al3Ni5_rattle_small,Al3Ni5,rattle_small,8,False,0.5640199865410978,1.6345183261403662,1.0704983395992684,0.08052757527864711,0.13517121963543094,0.3752402116584825
mishin_2004_ipr2,cfg054_Al3Ni5_rattle_large,Al3Ni5,rattle_large,8,False,19.676200746289396,25.629106719108563,5.952905972819167,0.14746099663672652,0.20549251870343424,0.5419367696522848
mishin_2004_ipr2,cfg067_Al3Ni2_shear_xy_negative,Al3Ni2,shear_xy_negative,5,False,0.19933001167373732,0.3878374070708901,0.18850739539715278,0.050118576958100396,0.091723875478266,0.2137474438403
mishin_2004_ipr2,cfg068_Al3Ni2_rattle_small,Al3Ni2,rattle_small,5,False,1.3790063225314952,2.2669317032068648,0.8879253806753695,0.06731032812455,0.09710378633397364,0.25067163169069995
mishin_2004_ipr2,cfg078_AlNi_iso_compression,AlNi,iso_compression,2,False,54.30790941500163,22.001496899937578,-32.30641251506405,5.964875005731667e-08,5.964875005731667e-08,5.964875021691e-08
mishin_2004_ipr2,cfg079_AlNi_iso_expansion,AlNi,iso_expansion,2,False,43.75173541438926,98.81714080202464,55.06540538763538,1.2085892694331666e-08,1.208589269433167e-08,1.208589299473e-08
mishin_2004_ipr2,cfg036_Al3Ni_rattle_large,Al3Ni,rattle_large,16,False,14.700612154683768,15.466328108280525,0.7657159535967573,0.13133991390494645,0.15334779432433282,0.3534516081433
mishin_2004_ipr2,cfg037_Al3Ni_volume_rattle_compression,Al3Ni,volume_rattle_compression,16,False,38.5481726625585,56.62396595378727,18.07579329122877,0.0945887816432025,0.11329006243298502,0.23299085865240002
mishin_2004_ipr2,cfg055_Al3Ni5_volume_rattle_compression,Al3Ni5,volume_rattle_compression,8,False,45.15304202459447,49.039082004477486,3.886039979883016,0.1315360779460093,0.17798604916148342,0.5150793769946376
mishin_2004_ipr2,cfg092_AlNi3_iso_expansion,AlNi3,iso_expansion,4,False,46.31222702755622,43.67398541433687,-2.63824161321935,3.2833669789375304e-06,4.241966699826825e-06,7.233488277778e-06
mishin_2004_ipr2,cfg093_AlNi3_uniaxial_y_compression,AlNi3,uniaxial_y_compression,4,False,1.7935735240826034,2.5559827387731104,0.762409214690507,4.370779682746224e-06,5.662034386772506e-06,9.635905950323e-06
mishin_2004_ipr2,cfg069_Al3Ni2_rattle_large,Al3Ni2,rattle_large,5,False,14.472709966867114,15.448026451330321,0.9753164844632067,0.12219890816024467,0.16223512839927115,0.41715272084000005
mishin_2004_ipr2,cfg070_Al3Ni2_volume_rattle_compression,Al3Ni2,volume_rattle_compression,5,False,38.804692932535545,50.43552786041374,11.630834927878198,0.07187634397299845,0.10580982352833333,0.26389976495050005
mishin_2004_ipr2,cfg038_Al3Ni_shear_rattle_yz,Al3Ni,shear_rattle_yz,16,False,6.6315737424247345,3.4403177831396903,-3.1912559592850442,0.10287882991446147,0.12857727090418214,0.3120010909715
mishin_2004_ipr2,cfg039_Al3Ni_biaxial_xy_expansion,Al3Ni,biaxial_xy_expansion,16,False,3.3018284843819856,0.890852367801287,-2.4109761165806987,0.09120911036188539,0.1184960890432983,0.266003961281
mishin_2004_ipr2,cfg056_Al3Ni5_uniaxial_x_expansion,Al3Ni5,uniaxial_x_expansion,8,False,2.76736243358755,2.1906674700131745,-0.5766949635743757,0.0616539582019606,0.11911833298788892,0.2905362019979468
mishin_2004_ipr2,cfg094_AlNi3_shear_xy_negative,AlNi3,shear_xy_negative,4,False,0.17978527876039152,0.45609995350925914,0.2763146747488676,4.22163283670416e-06,5.427837257267183e-06,9.211357335092e-06
mishin_2004_ipr2,cfg095_AlNi3_rattle_small,AlNi3,rattle_small,4,False,1.257035234630166,2.2007918441655505,0.9437566095353844,0.038963055705543335,0.0468714529216938,0.10398584772649999
mishin_2004_ipr2,cfg071_Al3Ni2_orthorhombic_xy,Al3Ni2,orthorhombic_xy,5,False,3.7615190205542604,4.0473200977032775,0.28580107714901715,0.059053964853797575,0.09534730558253325,0.2128411377905
mishin_2004_ipr2,cfg072_Al3Ni2_shear_rattle_yz_positive,Al3Ni2,shear_rattle_yz_positive,5,False,8.56936299278459,12.77119969731828,4.20183670453369,0.07529466182666335,0.09634079728979328,0.24221196671309997
mishin_2004_ipr2,cfg040_Al3Ni_rattle_medium,Al3Ni,rattle_medium,16,False,7.351563499014446,9.133855541609393,1.7822920425949462,0.10996442051197197,0.13611886345759072,0.3782517398701
mishin_2004_ipr2,cfg041_Al3Ni_uniaxial_z_compression,Al3Ni,uniaxial_z_compression,16,True,4.875081683167082,14.460443761769692,9.58536207860261,0.08410336631753802,0.1188212136159262,0.2851863981042
mishin_2004_ipr2,cfg057_Al3Ni5_shear_rattle_xz_positive,Al3Ni5,shear_rattle_xz_positive,8,False,9.268449131923262,9.921071269697102,0.6526221377738395,0.10459397581160497,0.14198082548338514,0.3479158181455229
mishin_2004_ipr2,cfg096_AlNi3_rattle_large,AlNi3,rattle_large,4,False,9.867058705822274,14.739822666365754,4.87276396054348,0.11241418734653424,0.14066914368938968,0.2936443690991
mishin_2004_ipr2,cfg097_AlNi3_orthorhombic_xz,AlNi3,orthorhombic_xz,4,False,1.477281604820746,1.4743827161494139,-0.002898888671332145,4.196209868205119e-06,5.408847667639214e-06,9.171109622869e-06
mishin_2004_ipr2,cfg073_Al3Ni2_biaxial_xy_compression,Al3Ni2,biaxial_xy_compression,5,True,9.294556419627042,9.975158594604494,0.6806021749774516,0.03432445291930796,0.08179982463759436,0.22106901346639996
mishin_2004_ipr2,cfg080_AlNi_uniaxial_x_expansion,AlNi,uniaxial_x_expansion,2,False,1.5216991041597794,10.000775181953081,8.479076077793302,9.130882511170667e-09,1.0402120853629343e-08,1.265445395693e-08
mishin_2004_ipr2,cfg081_AlNi_shear_xy_negative,AlNi,shear_xy_negative,2,False,0.231058732879319,0.5723481216444171,0.34128938876509807,1.7452189582124998e-08,1.814118596436673e-08,2.443277247188e-08
mishin_2004_ipr2,cfg082_AlNi_rattle_small,AlNi,rattle_small,2,False,1.5387227390419866,2.6547612877534377,1.116038548711451,0.05300185771575999,0.06005869302680617,0.09136572857509997
mishin_2004_ipr2,cfg042_Al3Ni_shear_xz_negative,Al3Ni,shear_xz_negative,16,True,1.1267291429248871,0.9215721321873538,-0.20515701073753334,0.09366416963249076,0.11616762246236122,0.23493894438809998
mishin_2004_ipr2,cfg043_Al3Ni_volume_rattle_expansion,Al3Ni,volume_rattle_expansion,16,True,53.3830582110113,37.43409442210144,-15.948963788909865,0.10546213687103294,0.12749294442642545,0.2939663556125
mishin_2004_ipr2,cfg058_Al3Ni5_biaxial_xz_compression,Al3Ni5,biaxial_xz_compression,8,True,8.133062711749517,8.95973407342332,0.8266713616738031,0.07520866083585882,0.13710536349863742,0.3179542803417907
mishin_2004_ipr2,cfg098_AlNi3_volume_rattle_compression,AlNi3,volume_rattle_compression,4,False,41.797118823524215,46.585419521934845,4.78830069841063,0.042247371639792496,0.057000919418892654,0.1318906743982
mishin_2004_ipr2,cfg099_AlNi3_biaxial_yz_expansion,AlNi3,biaxial_yz_expansion,4,True,8.194970941076463,7.148872065032563,-1.0460988760438994,3.837920554287569e-06,4.957759579709303e-06,8.395329324437e-06
mishin_2004_ipr2,cfg074_Al3Ni2_shear_xz_negative,Al3Ni2,shear_xz_negative,5,True,1.6846902730321744,1.3950408138150294,-0.289649459217145,0.053067079644096384,0.09267917836909859,0.2121741493181
mishin_2004_ipr2,cfg083_AlNi_rattle_large,AlNi,rattle_large,2,False,15.206317639695044,23.35346015472517,8.147142515030126,0.16810274849593332,0.1767404929521675,0.24528643185079996
mishin_2004_ipr2,cfg084_AlNi_volume_rattle_compression,AlNi,volume_rattle_compression,2,False,42.11617575356286,14.673354824997986,-27.44282092856487,0.0837239495583,0.10481970526694574,0.1719008572684
mishin_2004_ipr2,cfg085_AlNi_orthorhombic_yz,AlNi,orthorhombic_yz,2,False,1.480019180689851,1.2303238440578568,-0.24969533663199428,2.458078732168e-08,2.672442998310851e-08,3.863380280966e-08
mishin_2004_ipr2,cfg044_Al3Ni_shear_rattle_xy_negative,Al3Ni,shear_rattle_xy_negative,16,True,17.271767166676,20.531032720438436,3.259265553762436,0.1310479144315373,0.1561623256229237,0.3394440648793
mishin_2004_ipr2,cfg059_Al3Ni5_shear_yz_negative,Al3Ni5,shear_yz_negative,8,True,0.5225535187491914,1.1539150715957902,0.6313615528465988,0.07192064417844875,0.1338779287607108,0.3136902058568095
mishin_2004_ipr2,cfg060_Al3Ni5_volume_rattle_expansion,Al3Ni5,volume_rattle_expansion,8,True,62.01211814095586,70.53561615138105,8.523498010425186,0.08664715238450149,0.1366065990817562,0.3533366194843808
mishin_2004_ipr2,cfg061_Al3Ni5_rattle_xlarge,Al3Ni5,rattle_xlarge,8,True,26.60392860207139,33.028351502214726,6.424422900143334,0.1684777565086192,0.23253269872074053,0.5405392355663142
mishin_2004_ipr2,cfg100_AlNi3_shear_rattle_xz_negative,AlNi3,shear_rattle_xz_negative,4,True,7.112080263595999,8.943787227075894,1.8317069634798955,0.05112407493524767,0.06695138885249169,0.14646805784659997
mishin_2004_ipr2,cfg075_Al3Ni2_volume_rattle_expansion,Al3Ni2,volume_rattle_expansion,5,True,59.37633097892103,70.41057407595801,11.034243097036978,0.06938148335897333,0.12427823317385865,0.3747006593089
mishin_2004_ipr2,cfg086_AlNi_shear_rattle_xz_positive,AlNi,shear_rattle_xz_positive,2,False,8.240881884375995,12.571017990459232,4.330136106083238,0.0872594812365967,0.11925025045117177,0.20214919435420003
mishin_2004_ipr2,cfg087_AlNi_biaxial_xz_compression,AlNi,biaxial_xz_compression,2,True,8.897683097529807,-8.467457084168295,-17.365140181698102,3.3146489143711665e-08,3.5408508951923404e-08,4.195196384033e-08
mishin_2004_ipr2,cfg088_AlNi_shear_rattle_yz_negative,AlNi,shear_rattle_yz_negative,2,True,4.560079820748797,6.808756412876704,2.2486765921279073,0.06939352729813332,0.07347937843211431,0.09593595309549999
mishin_2004_ipr2,cfg101_Al3Ni_iso_compression,Al3Ni,iso_compression,16,False,86.76732214507865,119.00682466029045,32.2395025152118,0.09092901125872994,0.11467637625459007,0.22876579199359998
mishin_2004_ipr2,cfg102_Al3Ni_iso_compression,Al3Ni,iso_compression,16,False,20.1459351712856,34.34903762685293,14.203102455567333,0.09004741092912923,0.11516234127658774,0.2312620672506
mishin_2004_ipr2,cfg103_Al3Ni_iso_expansion,Al3Ni,iso_expansion,16,False,17.598759964812416,6.939994391109927,-10.658765573702489,0.09617191982904416,0.11777770406874054,0.2473687664985
mishin_2004_ipr2,cfg104_Al3Ni_volume_rattle_compression,Al3Ni,volume_rattle_compression,16,False,23.18586446995141,37.369003067175385,14.183138597223973,0.10041871125588046,0.1245053278290433,0.30182646015619996
mishin_2004_ipr2,cfg105_Al3Ni_volume_rattle_expansion,Al3Ni,volume_rattle_expansion,16,False,20.797195059913065,10.935570783129567,-9.861624276783498,0.10485807300852257,0.13009454239971704,0.3622587621171
mishin_2004_ipr2,cfg106_Al3Ni_rattle_020,Al3Ni,rattle_020,16,False,3.792976310251106,2.375304460123573,-1.4176718501275332,0.10018479255252898,0.12588962751425944,0.30066533054669997
mishin_2004_ipr2,cfg107_Al3Ni_volume_rattle_compression,Al3Ni,volume_rattle_compression,16,False,90.33652668176728,124.03831193366344,33.701785251896155,0.10216108681296372,0.1240739875540136,0.27647396611950004
mishin_2004_ipr2,cfg108_Al3Ni_rattle_030,Al3Ni,rattle_030,16,False,7.821449245057011,9.148382711928527,1.326933466871516,0.11091942844549092,0.13286804785707843,0.34455158561180005
mishin_2004_ipr2,cfg111_Al3Ni_iso_expansion,Al3Ni,iso_expansion,16,False,85.74967009326429,66.40576458698266,-19.34390550628163,0.09945299599986464,0.12235487530265396,0.26780596740060003
mishin_2004_ipr2,cfg112_Al3Ni_volume_rattle_expansion,Al3Ni,volume_rattle_expansion,16,False,86.62471580373676,67.53246170641259,-19.092254097324172,0.100593800594164,0.1238383519051496,0.3225330136182
mishin_2004_ipr2,cfg113_Al3Ni_iso_expansion,Al3Ni,iso_expansion,16,False,122.95074318285515,102.03570264655193,-20.915040536303223,0.09878677603338291,0.12410052039763247,0.27534361635000004
mishin_2004_ipr2,cfg114_Al3Ni_volume_rattle_expansion,Al3Ni,volume_rattle_expansion,16,False,124.80328512015149,104.2501061225467,-20.55317899760479,0.1015483802922988,0.1285169999582364,0.31968671218239997
mishin_2004_ipr2,cfg115_Al3Ni_iso_expansion,Al3Ni,iso_expansion,16,False,111.22990396893329,90.6810221526948,-20.54888181623849,0.09910732710433247,0.12358523112916149,0.2731382255161
mishin_2004_ipr2,cfg117_Al3Ni2_biaxial_xy_compression,Al3Ni2,biaxial_xy_compression,5,False,21.653801723732613,24.666368597438293,3.01256687370568,0.03276827533804241,0.0828884029130431,0.22616497224909998
mishin_2004_ipr2,cfg118_AlNi3_volume_rattle_compression,AlNi3,volume_rattle_compression,4,False,29.850395078938163,34.28673723370057,4.436342154762407,0.04613333345634583,0.06722281195612173,0.1811766137425
mishin_2004_ipr2,cfg119_AlNi3_volume_rattle_compression,AlNi3,volume_rattle_compression,4,False,88.32638231388046,96.76861291058802,8.44223059670756,0.05783991822741,0.08071783554050305,0.1890001495589
mishin_2004_ipr2,cfg121_Al3Ni5_uniaxial_x_expansion,Al3Ni5,uniaxial_x_expansion,8,False,5.109471625928563,4.56707319083538,-0.5423984350931832,0.05929762629126186,0.11641294770997784,0.28683789824362277
mishin_2004_ipr2,cfg123_Al3Ni_biaxial_xy_expansion,Al3Ni,biaxial_xy_expansion,16,False,7.4319898092198855,3.710940205655433,-3.7210496035644525,0.09176935422318418,0.120859327606716,0.2815319133824
mishin_2004_ipr2,cfg125_AlNi_biaxial_xz_compression,AlNi,biaxial_xz_compression,2,False,20.63363168417709,-3.4817829477438167,-24.115414631920906,2.4419110852305e-08,2.5030577147473742e-08,2.830735146286e-08
mishin_2004_ipr2,cfg127_Al3Ni2_shear_rattle_yz_positive,Al3Ni2,shear_rattle_yz_positive,5,False,7.563403302629013,4.994686384366531,-2.5687169182624814,0.08930212825962867,0.1270387702029188,0.29285177198879997
mishin_2004_ipr2,cfg129_Al3Ni5_shear_rattle_xz_positive,Al3Ni5,shear_rattle_xz_positive,8,False,9.0318519446555,10.440684890670404,1.408832946014904,0.11609586397499783,0.14350127151818584,0.3698666055242464
mishin_2004_ipr2,cfg131_AlNi_shear_rattle_xz_positive,AlNi,shear_rattle_xz_positive,2,False,6.040164796104364,8.800542031758063,2.7603772356536993,0.061000066035999646,0.07914881942788116,0.12490424890719998
mishin_2004_ipr2,cfg133_AlNi_shear_rattle_yz_negative,AlNi,shear_rattle_yz_negative,2,False,9.329609289125074,12.495413016853973,3.1658037277288997,0.035591347036796665,0.03715624122878873,0.049949180322099995
mishin_2004_ipr2,cfg135_AlNi3_shear_rattle_xz_negative,AlNi3,shear_rattle_xz_negative,4,False,15.770567480103637,20.633041681099584,4.862474200995948,0.11814322247593917,0.14334771318149606,0.30180422459920003
mishin_2004_ipr2,cfg137_Al3Ni2_orthorhombic_xy,Al3Ni2,orthorhombic_xy,5,False,8.829022714780876,9.200829538093558,0.37180682331268144,0.06522939694204515,0.10000487181394269,0.2114707314323
mishin_2004_ipr2,cfg139_AlNi_orthorhombic_yz,AlNi,orthorhombic_yz,2,False,3.3975490423472365,2.7755596295326868,-0.6219894128145498,1.3675007842250999e-08,1.6115483030875897e-08,2.424008329997e-08
mishin_2004_ipr2,cfg141_AlNi3_orthorhombic_xz,AlNi3,orthorhombic_xz,4,False,3.6841677451775467,3.3213823255922037,-0.36278541958534305,4.140470949629392e-06,5.33953582705107e-06,9.022612688e-06
mishin_2004_ipr2,cfg143_Al3Ni5_biaxial_xz_compression,Al3Ni5,biaxial_xz_compression,8,False,18.911559014668455,21.04010150234359,2.1285424876751335,0.07890567194413763,0.14261417839671087,0.32605792074910406
mishin_2004_ipr2,cfg145_AlNi3_biaxial_yz_expansion,AlNi3,biaxial_yz_expansion,4,False,18.431862580200686,16.89967281911464,-1.5321897610860447,3.628030865783541e-06,4.699666549304994e-06,8.008036395319e-06
mishin_2004_ipr2,cfg146_AlNi_uniaxial_x_compression,AlNi,uniaxial,2,False,1.8178929562964186,-5.944068090708576,-7.761961047004995,1.962267852666167e-08,2.101627050425849e-08,3.026543320822e-08
mishin_2004_ipr2,cfg147_AlNi_uniaxial_y_expansion,AlNi,uniaxial,2,False,1.521698878150346,10.00077518195397,8.479076303803623,9.130882531263167e-09,1.0402120856624493e-08,1.265445398121e-08
mishin_2004_ipr2,cfg148_AlNi_uniaxial_y_compression,AlNi,uniaxial,2,False,1.81789301268509,-5.944068090708576,-7.761961103393666,1.9622678521675e-08,2.1016270500178952e-08,3.026543318892e-08
mishin_2004_ipr2,cfg149_AlNi_uniaxial_z_expansion,AlNi,uniaxial,2,False,1.5216990213957615,10.000775181953081,8.47907616055732,9.130882697654834e-09,1.0402120874240226e-08,1.265445334631e-08
mishin_2004_ipr2,cfg150_AlNi_uniaxial_z_compression,AlNi,uniaxial,2,False,1.817892666622356,-5.944068090707688,-7.761960757330044,1.9622678533491668e-08,2.1016270500999965e-08,3.02654331874e-08
mishin_2004_ipr2,cfg152_AlNi_biaxial_xy_compression,AlNi,biaxial,2,False,20.633631711007183,-3.4817829477420403,-24.115414658749224,2.4419111087360004e-08,2.503057730295139e-08,2.830735072734e-08
mishin_2004_ipr2,cfg153_AlNi_biaxial_xz_expansion,AlNi,biaxial,2,False,15.66224852376763,45.464436582096646,29.802188058329016,2.021548651595167e-08,2.127523716292961e-08,2.490429404367e-08
mishin_2004_ipr2,cfg154_AlNi_biaxial_yz_expansion,AlNi,biaxial,2,False,17.51567792643982,49.09827526053867,31.58259733409885,5.229058548141499e-09,6.501791277600793e-09,1.069353230965e-08
mishin_2004_ipr2,cfg155_AlNi_biaxial_yz_compression,AlNi,biaxial,2,False,20.63363178194777,-3.4817829477438167,-24.115414729691587,2.4419110859388333e-08,2.5030577135409048e-08,2.830735136485e-08
mishin_2004_ipr2,cfg156_AlNi_orthorhombic_xy_expansion,AlNi,orthorhombic,2,False,2.241778379811876,1.829338597601371,-0.41243978221050526,1.3410686735728336e-08,1.3534975698298545e-08,1.563708780516e-08
mishin_2004_ipr2,cfg157_AlNi_orthorhombic_xy_compression,AlNi,orthorhombic,2,False,2.241778302050079,1.8293385976022591,-0.4124397044478201,1.3410686741293332e-08,1.3534975704721071e-08,1.563708779129e-08
mishin_2004_ipr2,cfg158_AlNi_orthorhombic_xz_expansion,AlNi,orthorhombic,2,False,3.397549060082383,2.7755596295317986,-0.6219894305505846,1.3675007846733669e-08,1.611548304307319e-08,2.424008332946e-08
mishin_2004_ipr2,cfg159_AlNi_orthorhombic_xz_compression,AlNi,orthorhombic,2,False,3.3975491119235812,2.7755596295317986,-0.6219894823917826,1.36750076288795e-08,1.6115482830364157e-08,2.424008262863e-08
mishin_2004_ipr2,cfg160_AlNi_orthorhombic_yz_compression,AlNi,orthorhombic,2,False,2.2417782120101037,1.8293385976031473,-0.4124396144069564,1.3410685521243334e-08,1.3534974432083228e-08,1.563708670687e-08
mishin_2004_ipr2,cfg166_AlNi_shear_rattle_xz_negative,AlNi,shear_rattle,2,False,8.451076053006545,12.349033452211167,3.8979573992046213,0.07310943496201666,0.10085504668036441,0.17003882578309998
mishin_2004_ipr2,cfg170_AlNi_volume_rattle_expansion,AlNi,volume_rattle,2,False,99.97008189429835,184.07337369567324,84.1032918013749,0.042478425543819,0.05100571557066934,0.06976139287109999
mishin_2004_ipr2,cfg172_Al3Ni_uniaxial_x_expansion,Al3Ni,uniaxial,16,False,3.2183521791466774,0.12115140211754749,-3.09720077702913,0.09638807655622485,0.12303109964125895,0.2666795207514
mishin_2004_ipr2,cfg173_Al3Ni_uniaxial_y_compression,Al3Ni,uniaxial,16,False,2.069804367465622,2.895470847529058,0.8256664800634361,0.09378599863653753,0.11865857708828917,0.2261893443363
mishin_2004_ipr2,cfg174_Al3Ni_uniaxial_z_expansion,Al3Ni,uniaxial,16,False,1.9906830773379625,-3.9457472446478015,-5.936430321985764,0.0938061266418566,0.11428588544517579,0.2052032051158
mishin_2004_ipr2,cfg175_Al3Ni_uniaxial_z_compression,Al3Ni,uniaxial,16,False,2.1653052699548425,8.66670435775374,6.501399087798898,0.08624931842853419,0.11737761914394809,0.26880330540770003
mishin_2004_ipr2,cfg176_Al3Ni_biaxial_xy_compression,Al3Ni,biaxial,16,False,19.289981296878977,24.601551358615303,5.311570061736326,0.09644698980448303,0.11857259010958338,0.1688584954745
mishin_2004_ipr2,cfg177_Al3Ni_biaxial_xz_expansion,Al3Ni,biaxial,16,False,15.11411799083362,1.9434747458406676,-13.170643244992952,0.10025743283441947,0.12037665721488237,0.2226779628336
mishin_2004_ipr2,cfg178_Al3Ni_biaxial_xz_compression,Al3Ni,biaxial,16,False,17.730827604736987,32.86342458199698,15.132596977259993,0.08706297796669833,0.11240783891075257,0.2355355621631
mishin_2004_ipr2,cfg179_Al3Ni_biaxial_yz_expansion,Al3Ni,biaxial,16,False,17.393224652550998,5.770754944583789,-11.622469707967209,0.09416861415384448,0.110357829197663,0.20372219223
mishin_2004_ipr2,cfg180_Al3Ni_biaxial_yz_compression,Al3Ni,biaxial,16,False,20.44412283225938,34.56900422944243,14.124881397183046,0.10017725087392215,0.1264097509394882,0.2842772398569
mishin_2004_ipr2,cfg181_Al3Ni_orthorhombic_xy_compression,Al3Ni,orthorhombic,16,False,4.89375934535019,4.901166851366323,0.007407506016132714,0.09091460132097647,0.11227505151441675,0.2039138325109
mishin_2004_ipr2,cfg182_Al3Ni_orthorhombic_xz_expansion,Al3Ni,orthorhombic,16,False,6.846769958428922,12.454939711200819,5.6081697527718966,0.09391506017243954,0.13201775587578282,0.32763352071449997
mishin_2004_ipr2,cfg183_Al3Ni_orthorhombic_xz_compression,Al3Ni,orthorhombic,16,False,7.27221670263134,-0.4048870553585715,-7.6771037579899115,0.0945312872821306,0.11393771199220593,0.15980693464190002
mishin_2004_ipr2,cfg184_Al3Ni_orthorhombic_yz_expansion,Al3Ni,orthorhombic,16,False,4.873410266100109,10.776905828907335,5.903495562807226,0.0823153939736883,0.11888819631734512,0.29379406108120004
mishin_2004_ipr2,cfg185_Al3Ni_orthorhombic_yz_compression,Al3Ni,orthorhombic,16,False,4.490208195420564,-3.040787971669623,-7.530996167090187,0.09554564395454368,0.1181121420104929,0.1811795742064
mishin_2004_ipr2,cfg189_Al3Ni_shear_rattle_xz_positive,Al3Ni,shear_rattle,16,False,7.175431135237886,7.56431933245949,0.38888819722160406,0.10082920552627733,0.12584698940626593,0.3200360371301
mishin_2004_ipr2,cfg191_Al3Ni_shear_rattle_xz_negative,Al3Ni,shear_rattle,16,False,7.317794683331158,6.372819747108238,-0.9449749362229198,0.10908819699234018,0.13570059549576896,0.3409142472513
mishin_2004_ipr2,cfg194_Al3Ni_shear_rattle_yz_negative,Al3Ni,shear_rattle,16,False,12.628109413299171,13.642845604904252,1.0147361916050812,0.11415504323897607,0.15154714524470841,0.3625824945056999
mishin_2004_ipr2,cfg195_Al3Ni2_uniaxial_x_expansion,Al3Ni2,uniaxial,5,False,3.6901150644553127,5.59833576596418,1.908220701508867,0.059508494000913154,0.10036991332573916,0.2089823500171
mishin_2004_ipr2,cfg198_Al3Ni2_uniaxial_y_compression,Al3Ni2,uniaxial,5,False,2.3424534920195583,2.132461802604979,-0.20999168941457924,0.04737608612729362,0.0870368932658236,0.2164310069691
mishin_2004_ipr2,cfg201_Al3Ni2_biaxial_xz_expansion,Al3Ni2,biaxial,5,False,17.11596012719383,16.90504704290845,-0.21091308428538014,0.05983927705513427,0.09772583340633853,0.21511536390150005
mishin_2004_ipr2,cfg202_Al3Ni2_biaxial_xz_compression,Al3Ni2,biaxial,5,False,20.122422139684204,27.879149078146526,7.756726938462322,0.04776400658880046,0.09774650013817213,0.2599684812686
mishin_2004_ipr2,cfg203_Al3Ni2_biaxial_yz_expansion,Al3Ni2,biaxial,5,False,19.018455042532878,18.964451454236553,-0.05400358829632523,0.06083005223878939,0.09862477560672381,0.2195325694406
mishin_2004_ipr2,cfg204_Al3Ni2_biaxial_yz_compression,Al3Ni2,biaxial,5,False,22.851514558351482,31.298427512544436,8.446912954192953,0.04727701490872604,0.09869569764112936,0.2626527338494
mishin_2004_ipr2,cfg205_Al3Ni2_orthorhombic_xy_compression,Al3Ni2,orthorhombic,5,False,5.276336183669628,5.699177704256186,0.4228415205865588,0.062483542210847245,0.09733292133252229,0.21115285155639998
mishin_2004_ipr2,cfg206_Al3Ni2_orthorhombic_xz_expansion,Al3Ni2,orthorhombic,5,False,10.134077793554752,17.160120664999567,7.026042871444815,0.06346755907328568,0.10809007662257479,0.2501154572241
mishin_2004_ipr2,cfg207_Al3Ni2_orthorhombic_xz_compression,Al3Ni2,orthorhombic,5,False,8.933400247769896,4.428975748592734,-4.504424499177162,0.0458341368014256,0.07470487557102515,0.16722163151609998
mishin_2004_ipr2,cfg208_Al3Ni2_orthorhombic_yz_expansion,Al3Ni2,orthorhombic,5,False,6.4711001788964495,12.164536943573268,5.693436764676818,0.06045173494934417,0.10499359260236135,0.2444325761853
mishin_2004_ipr2,cfg209_Al3Ni2_orthorhombic_yz_compression,Al3Ni2,orthorhombic,5,False,5.884884593979223,2.1052275030044143,-3.7796570909748084,0.04584803112976198,0.07744904230025425,0.1758358150607
mishin_2004_ipr2,cfg214_Al3Ni2_shear_rattle_xz_positive,Al3Ni2,shear_rattle,5,False,5.231774076673901,4.854193891825531,-0.3775801848483695,0.06649095451823893,0.10520313343589988,0.28204542172969993
mishin_2004_ipr2,cfg216_Al3Ni2_shear_rattle_xz_negative,Al3Ni2,shear_rattle,5,False,6.687314145528944,7.473109873059514,0.7857957275305694,0.07752374883436533,0.11089171011390771,0.3093998521677
mishin_2004_ipr2,cfg219_Al3Ni2_shear_rattle_yz_negative,Al3Ni2,shear_rattle,5,False,15.682022979672183,15.594870631926483,-0.08715234774570035,0.10706370133874984,0.13777645673813735,0.33728192667189993
mishin_2004_ipr2,cfg220_Al3Ni2_volume_rattle_expansion,Al3Ni2,volume_rattle,5,False,95.70276066115184,112.23276807784899,16.530007416697146,0.06634401813818067,0.12056421744027151,0.3451061127908
mishin_2004_ipr2,cfg222_Al3Ni5_uniaxial_x_compression,Al3Ni5,uniaxial,8,False,2.1457827133417595,4.025541964979951,1.8797592516381911,0.07487984241397219,0.13661237628557374,0.3139047581449152
mishin_2004_ipr2,cfg223_Al3Ni5_uniaxial_y_expansion,Al3Ni5,uniaxial,8,False,2.1621061227961036,4.162142479201769,2.0000363564056656,0.06898598412716617,0.12839935956995027,0.3069680288971041
mishin_2004_ipr2,cfg224_Al3Ni5_uniaxial_z_expansion,Al3Ni5,uniaxial,8,False,2.190166022046469,4.389600121658788,2.1994340996123185,0.06961781875226981,0.12923958970840896,0.29943394142512686
mishin_2004_ipr2,cfg227_Al3Ni5_biaxial_xy_compression,Al3Ni5,biaxial,8,False,24.292907501148875,27.002586620652025,2.70967911950315,0.08146267535834825,0.14627974444876723,0.32262495421383014
mishin_2004_ipr2,cfg228_Al3Ni5_biaxial_xz_expansion,Al3Ni5,biaxial,8,False,17.85442832397166,21.39400574549999,3.539577421528328,0.06106273158489742,0.11877839142225084,0.28144593694298925
mishin_2004_ipr2,cfg229_Al3Ni5_biaxial_yz_expansion,Al3Ni5,biaxial,8,False,18.234640710943495,24.96946579676429,6.734825085820795,0.0723704739804168,0.132057854898065,0.3035344353498683
mishin_2004_ipr2,cfg230_Al3Ni5_biaxial_yz_compression,Al3Ni5,biaxial,8,False,22.276405330103444,16.670570524852657,-5.605834805250787,0.07039372468892532,0.1292461953229339,0.2997837963890113
mishin_2004_ipr2,cfg231_Al3Ni5_orthorhombic_xy_expansion,Al3Ni5,orthorhombic,8,False,4.792749064563395,1.4237750525722959,-3.3689740119910994,0.06095662572959076,0.11795793581731044,0.28050145366620044
mishin_2004_ipr2,cfg232_Al3Ni5_orthorhombic_xy_compression,Al3Ni5,orthorhombic,8,False,4.190288540939946,8.43929487751538,4.249006336575434,0.07671572039710299,0.13919566792304738,0.3207806754800865
mishin_2004_ipr2,cfg233_Al3Ni5_orthorhombic_xz_expansion,Al3Ni5,orthorhombic,8,False,7.744447507775476,3.7497905211170135,-3.9946569866584625,0.05825904398986232,0.11462179275230258,0.291305349671545
mishin_2004_ipr2,cfg234_Al3Ni5_orthorhombic_xz_compression,Al3Ni5,orthorhombic,8,False,6.589519156477763,12.262509531922205,5.672990375444442,0.07965349120604283,0.14332652328777992,0.31570290630941167
mishin_2004_ipr2,cfg235_Al3Ni5_orthorhombic_yz_compression,Al3Ni5,orthorhombic,8,False,6.871058336400893,7.841797314624088,0.9707389782231957,0.0696667186451818,0.129480451742952,0.29190919484648553
mishin_2004_ipr2,cfg241_Al3Ni5_shear_rattle_xz_negative,Al3Ni5,shear_rattle,8,False,6.359821908063168,8.166940689306124,1.8071187812429557,0.09707496368283208,0.13887416867490182,0.41385925304611376
mishin_2004_ipr2,cfg244_Al3Ni5_shear_rattle_yz_negative,Al3Ni5,shear_rattle,8,False,6.661926597189449,4.399021745416398,-2.262904851773051,0.11341585322068796,0.14722323560271391,0.2998768908080276
mishin_2004_ipr2,cfg245_Al3Ni5_volume_rattle_expansion,Al3Ni5,volume_rattle,8,False,102.01621392707239,116.22959350994044,14.213379582868058,0.09217285760439586,0.12985871747596164,0.33174522160786113
mishin_2004_ipr2,cfg247_AlNi3_uniaxial_x_expansion,AlNi3,uniaxial,4,False,2.8537292814689863,2.3652867215195883,-0.488442559949398,3.974214495292348e-06,5.133796890558237e-06,8.705359083712e-06
mishin_2004_ipr2,cfg248_AlNi3_uniaxial_x_compression,AlNi3,uniaxial,4,False,1.797152733161056,2.5585733144293243,0.7614205812682684,4.390944009067003e-06,5.668325663490498e-06,9.635960035295e-06
mishin_2004_ipr2,cfg249_AlNi3_uniaxial_y_expansion,AlNi3,uniaxial,4,False,1.5686769615967933,1.2488406967117172,-0.3198362648850761,4.021544938751423e-06,5.2028958346055495e-06,8.818172811771e-06
mishin_2004_ipr2,cfg250_AlNi3_uniaxial_z_expansion,AlNi3,uniaxial,4,False,1.5686770698266628,1.2488406967579024,-0.31983637306876034,4.053355930648039e-06,5.2557289834984485e-06,8.944939788449e-06
mishin_2004_ipr2,cfg251_AlNi3_uniaxial_z_compression,AlNi3,uniaxial,4,False,1.7935734363163647,2.555982738726925,0.7624093024105605,4.3322729031667415e-06,5.596041744218479e-06,9.489581544148e-06
mishin_2004_ipr2,cfg252_AlNi3_biaxial_xy_expansion,AlNi3,biaxial,4,False,8.191054362669092,7.145049480784316,-1.0460048818847767,3.817620612465115e-06,4.911373479182889e-06,8.27404373383e-06
mishin_2004_ipr2,cfg253_AlNi3_biaxial_xy_compression,AlNi3,biaxial,4,False,22.185528354384587,24.31614002615401,2.1306116717694223,4.860288372630183e-06,6.298339930791874e-06,1.078513773501e-05
mishin_2004_ipr2,cfg254_AlNi3_biaxial_xz_expansion,AlNi3,biaxial,4,False,16.463968620428204,14.999026747035238,-1.4649418733929664,3.6661629237248353e-06,4.737532620215942e-06,8.090041591097e-06
mishin_2004_ipr2,cfg255_AlNi3_biaxial_xz_compression,AlNi3,biaxial,4,False,19.68208340167621,21.727117468945956,2.0450340672697465,4.792339577114602e-06,6.16994906379947e-06,1.055181457829e-05
mishin_2004_ipr2,cfg256_AlNi3_biaxial_yz_compression,AlNi3,biaxial,4,False,22.177995787387772,24.31092815347302,2.1329323660852495,4.798553616697783e-06,6.212027604491124e-06,1.066540093882e-05
mishin_2004_ipr2,cfg257_AlNi3_orthorhombic_xy_expansion,AlNi3,orthorhombic,4,False,2.336386819024483,2.191273910738367,-0.14511290828611578,4.175619977603725e-06,5.4168990987391325e-06,9.260998258969e-06
mishin_2004_ipr2,cfg258_AlNi3_orthorhombic_xy_compression,AlNi3,orthorhombic,4,False,2.3458021560145426,2.1991177047331334,-0.14668445128140917,4.249533185391673e-06,5.471127669552037e-06,9.261099669266e-06
mishin_2004_ipr2,cfg259_AlNi3_orthorhombic_xz_compression,AlNi3,orthorhombic,4,False,3.6956876874683076,3.331052571879489,-0.36463511558881834,4.254286769548618e-06,5.517940301055743e-06,9.400502524006e-06
mishin_2004_ipr2,cfg260_AlNi3_orthorhombic_yz_expansion,AlNi3,orthorhombic,4,False,2.3419065200869227,2.196407642214737,-0.14549887787218552,4.195275219228207e-06,5.4048779770209765e-06,9.114220952122e-06
mishin_2004_ipr2,cfg261_AlNi3_orthorhombic_yz_compression,AlNi3,orthorhombic,4,False,2.3419060794367397,2.196407642248488,-0.14549843718825173,4.184868223253414e-06,5.443578667878162e-06,9.311724699314e-06
mishin_2004_ipr2,cfg266_AlNi3_shear_rattle_xz_positive,AlNi3,shear_rattle,4,False,7.76414210713483,9.878551571666172,2.1144094645313416,0.08478059051343752,0.09620620017653404,0.1905398438936
mishin_2004_ipr2,cfg269_AlNi3_shear_rattle_yz_positive,AlNi3,shear_rattle,4,False,4.392710021420498,5.677681928621503,1.2849719072010046,0.05377695716888082,0.07116617923712489,0.151959643195
mishin_2004_ipr2,cfg271_AlNi3_shear_rattle_yz_negative,AlNi3,shear_rattle,4,False,12.918730616092944,14.634252953467985,1.7155223373750417,0.05631966514361583,0.07989143844116876,0.21383387983929997
mishin_2004_ipr2,cfg272_AlNi3_volume_rattle_expansion,AlNi3,volume_rattle,4,False,108.3222515194393,107.4884171967847,-0.8338343226546101,0.09478562388251834,0.10046899590754664,0.1633744844653
mishin_2004_ipr2,cfg273_Al3Ni_shear_xy_negative,Al3Ni,shear_xy,16,False,3.9125175471781404,3.1968523411247673,-0.715665206053373,0.1020283690639806,0.12149251263728045,0.2611537249463
mishin_2004_ipr2,cfg275_Al3Ni5_shear_yz_negative,Al3Ni5,shear_yz,8,False,0.8526529231858149,1.5078402867212404,0.6551873635354255,0.07251635508066716,0.13493511154572743,0.31555614907417645
mishin_2004_ipr2,cfg276_Al3Ni5_rattle_xxlarge,Al3Ni5,rattle,8,False,37.537689330747526,43.802971555400916,6.26528222465339,0.17234540967382986,0.20950930995684133,0.46351293812246264
mishin_2004_ipr2,cfg279_Al3Ni2_shear_xy_negative_sweep,Al3Ni2,shear_xy,5,False,7.390555041638436,7.837189836689618,0.44663479505118264,0.06555289134122272,0.0995124576760639,0.21162071353589998
mishin_2004_ipr2,cfg280_AlNi_shear_xy_positive,AlNi,shear_xy,2,False,3.736863185167749,5.139092985756655,1.4022298005889056,1.6038823914533332e-08,1.6193638027346558e-08,1.895022766485e-08
mishin_2004_ipr2,cfg281_AlNi_shear_yz_positive,AlNi,shear_yz,2,False,3.736863181075023,5.139092985757543,1.40222980468252,1.6038823685835e-08,1.6193637790327555e-08,1.89502270681e-08
mishin_2004_ipr2,cfg282_AlNi_volume_rattle_iso_negative,AlNi,isotropic,2,False,109.21889255996575,80.38880109721535,-28.830091462750403,0.09729721080504,0.13904553447481402,0.2375567498662
mishin_2004_ipr2,cfg283_Al3Ni_uniaxial_z_compression,Al3Ni,uniaxial_z,16,False,9.84547835560079,23.42227264266894,13.57679428706815,0.0810843367545901,0.12159507279364658,0.3070016555842
mishin_2004_ipr2,cfg284_Al3Ni_volume_rattle_compression,Al3Ni,isotropic,16,False,132.61015948410204,174.08578107978155,41.47562159567951,0.09397495673197853,0.11349169275293497,0.25328636964750006
mishin_2004_ipr2,cfg287_Al3Ni_iso_expansion,Al3Ni,iso_expansion,16,False,66.13093277405824,48.21075483324799,-17.920177940810248,0.09930687495534596,0.12127521172843254,0.26304308509700003
mishin_2004_ipr2,cfg288_Al3Ni_iso_expansion,Al3Ni,iso_expansion,16,False,82.33291941678544,63.20133808552298,-19.131581331262467,0.09945731869006251,0.1221777780351554,0.26703405070779995
mishin_2004_ipr2,cfg289_Al3Ni_iso_expansion,Al3Ni,iso_expansion,16,False,99.98148701993159,79.8888474231374,-20.092639596794186,0.09932080785284024,0.12305514276281308,0.2708487153379
mishin_2004_ipr2,cfg290_Al3Ni_volume_rattle_expansion,Al3Ni,volume_rattle_expansion,16,False,40.85529341750771,26.898700091148697,-13.956593326359013,0.10765464363557646,0.12944634140863595,0.30670652963609996
mishin_2004_ipr2,cfg292_Al3Ni_volume_rattle_expansion,Al3Ni,volume_rattle_expansion,16,False,67.42691811405166,49.40418007427283,-18.02273803977883,0.09849190119520045,0.1176993366236531,0.2793580005686
mishin_2004_ipr2,cfg293_Al3Ni_volume_rattle_expansion,Al3Ni,volume_rattle_expansion,16,False,83.65178988265143,65.6728405468221,-17.978949335829327,0.10451823022207736,0.1285492336129337,0.36052963548300004
mishin_2004_ipr2,cfg294_Al3Ni_volume_rattle_expansion,Al3Ni,volume_rattle_expansion,16,False,101.56649535815632,81.24411487926464,-20.322380478891674,0.10526970197271547,0.13093542192311478,0.3238327567403
mishin_2002,AlNi_iso_m02,AlNi,iso_m02,2,False,23.47600917391901,-4.461182763485283,-27.937191937404293,2.795949113667e-08,2.795949113667e-08,2.795949116674e-08
mishin_2002,AlNi_iso_p02,AlNi,iso_p02,2,False,20.132954608925502,43.94234298419697,23.809388375271467,9.648547104797665e-09,9.648547104797668e-09,9.648547183438e-09
mishin_2002,AlNi_rattle_003,AlNi,rattle_003,2,False,15.26592649088343,19.817032156452363,4.551105665568933,0.09202682900530001,0.1036080370030871,0.14204957782070005
mishin_2002,AlNi_shear015_rattle002,AlNi,shear015_rattle002,2,True,5.778201306839037,7.08694522393305,1.308743917094013,0.05383310160743334,0.05546673595772094,0.07166883219200001
mishin_2002,Al3Ni2_iso_m02,Al3Ni2,iso_m02,5,False,22.390723945136415,15.15360056425834,-7.237123380878074,0.13809837888583185,0.31563886680821035,0.8425884893039
mishin_2002,Al3Ni2_iso_p02,Al3Ni2,iso_p02,5,False,19.349525261714007,27.44745014768597,8.097924885971963,0.1232837719534837,0.25809049933343897,0.6522536395117
mishin_2002,Al3Ni2_rattle_003,Al3Ni2,rattle_003,5,False,6.209392895470955,5.418118241160386,-0.7912746543105698,0.15009265572693867,0.3096528644138179,0.8504232421591
mishin_2002,Al3Ni2_shear015_rattle002,Al3Ni2,shear015_rattle002,5,True,6.6570473714818945,6.064142950528151,-0.5929044209537437,0.148754685861706,0.29664563504279695,0.835246850648
mishin_2002,AlNi3_iso_m02,AlNi3,iso_m02,4,False,25.29804942332703,-3.9535305479443394,-29.25157997127137,3.4859631109091187e-06,4.581889151352368e-06,8.910378177473e-06
mishin_2002,AlNi3_iso_p02,AlNi3,iso_p02,4,False,21.365358184993966,50.2505895137455,28.885231328751537,1.6493934351447036e-06,2.3889894311435634e-06,5.669154989202e-06
mishin_2002,AlNi3_rattle_003,AlNi3,rattle_003,4,False,7.775584911541955,8.035110809860413,0.25952589831845785,0.073527297930125,0.09947894549618615,0.22757681625979997
mishin_2002,AlNi3_shear015_rattle002,AlNi3,shear015_rattle002,4,True,9.680041639512638,8.535056243050398,-1.1449853964622392,0.08606439655295,0.1123045848382145,0.230704392625
mishin_2002,Al3Ni5_iso_m02,Al3Ni5,iso_m02,8,False,24.318813760601188,20.476308617973338,-3.84250514262785,0.09890903910384859,0.17625783013420968,0.3864074841225345
mishin_2002,Al3Ni5_iso_p02,Al3Ni5,iso_p02,8,False,20.503947813722334,31.44352387221616,10.939576058493827,0.06748495094045792,0.1271627965174575,0.30395512136104874
mishin_2002,Al3Ni5_rattle_003,Al3Ni5,rattle_003,8,False,7.042170087515842,6.584913553639993,-0.4572565338758494,0.11122679674709686,0.1521705377030409,0.4196161213464907
mishin_2002,Al3Ni5_shear015_rattle002,Al3Ni5,shear015_rattle002,8,True,7.1576824120711535,7.308339959164023,0.1506575470928695,0.13939172755345644,0.18180255028377876,0.3749784863978834
mishin_2002,Al3Ni_iso_m02,Al3Ni,iso_m02,16,False,20.270440126068934,23.62992441568812,3.3594842896191857,0.14943421768092333,0.1981332187567594,0.35883243356910005
mishin_2002,Al3Ni_iso_p02,Al3Ni,iso_p02,16,False,17.723327042858728,13.932038141816872,-3.791288901041856,0.1096072078624939,0.1410738730424817,0.3005185323365
mishin_2002,Al3Ni_rattle_003,Al3Ni,rattle_003,16,False,7.839497648774341,7.290421230040867,-0.549076418733474,0.14764536284016253,0.18763633892358247,0.37108255943920004
mishin_2002,Al3Ni_shear015_rattle002,Al3Ni,shear015_rattle002,16,True,4.067047446596916,4.900270700482157,0.8332232538852402,0.1274259349944895,0.16307993944739343,0.36612222392660004
mishin_2002,AlNi_relaxed,AlNi,relaxed,2,False,0.0,0.0,0.0,4.440302058909334e-09,4.440302058909333e-09,4.440302112108e-09
mishin_2002,Al3Ni2_relaxed,Al3Ni2,relaxed,5,False,0.0,0.0,0.0,0.13360391649348996,0.2897019671944997,0.7534769486124
mishin_2002,AlNi3_relaxed,AlNi3,relaxed,4,False,0.0,0.0,0.0,2.395746641334008e-06,3.3299845916307575e-06,7.502596700428e-06
mishin_2002,Al3Ni5_relaxed,Al3Ni5,relaxed,8,False,0.0,0.0,0.0,0.07844279302290444,0.1424738228640475,0.3250245443849856
mishin_2002,Al3Ni_relaxed,Al3Ni,relaxed,16,False,0.0,0.0,0.0,0.1278490542599122,0.16764828358759656,0.3301821375491
mishin_2002,cfg026_Al3Ni_iso_compression,Al3Ni,iso_compression,16,False,4.768912722738605,6.920023249056495,2.15111052631789,0.13743378332264788,0.18208077006927134,0.34261011019090004
mishin_2002,cfg027_Al3Ni_iso_expansion,Al3Ni,iso_expansion,16,False,4.462213569922824,2.4692715363281437,-1.9929420335946801,0.11919013420871778,0.15386709496210185,0.31686477990629996
mishin_2002,cfg045_Al3Ni5_iso_compression,Al3Ni5,iso_compression,8,False,5.708646137009055,3.409318023776642,-2.299328113232413,0.08686450967252594,0.15611654221223406,0.34911958083409206
mishin_2002,cfg046_Al3Ni5_iso_expansion,Al3Ni5,iso_expansion,8,False,4.975187328909669,9.612535295033808,4.637347966124139,0.07240715846690027,0.1335167545977432,0.31152625246722565
mishin_2002,cfg089_AlNi3_iso_compression,AlNi3,iso_compression,4,False,5.882517383724917,-9.429381706329565,-15.311899090054482,2.943488403247648e-06,3.929259774257852e-06,8.217302440498e-06
mishin_2002,cfg062_Al3Ni2_iso_compression,Al3Ni2,iso_compression,5,False,5.2700207012094324,1.8306273966743447,-3.4393933045350877,0.13662496481096345,0.3033874580930774,0.7999119511385
mishin_2002,cfg028_Al3Ni_iso_compression,Al3Ni,iso_compression,16,False,47.08923208818305,50.7094885190611,3.620256430878044,0.16390109772015407,0.21800934125285967,0.3992527706395
mishin_2002,cfg029_Al3Ni_iso_expansion,Al3Ni,iso_expansion,16,False,38.42214492919993,33.83328020096555,-4.588864728234384,0.10040414886150861,0.1304740691293031,0.2821131972264
mishin_2002,cfg047_Al3Ni5_iso_compression,Al3Ni5,iso_compression,8,False,56.177652815222245,51.86712426674234,-4.310528548479908,0.1150967997197459,0.2035170926990244,0.43594359306714126
mishin_2002,cfg048_Al3Ni5_iso_expansion,Al3Ni5,iso_expansion,8,False,44.56866904183698,64.50904527725321,19.940376235416224,0.06266425642027812,0.12141832383495983,0.2967585498913802
mishin_2002,cfg090_AlNi3_iso_expansion,AlNi3,iso_expansion,4,False,5.178149561743339,20.72783573416448,15.54968617242114,1.9829096574557413e-06,2.832864230733241e-06,6.647368180252e-06
mishin_2002,cfg063_Al3Ni2_iso_expansion,Al3Ni2,iso_expansion,5,False,4.795395678229397,8.83841370737386,4.043018029144463,0.12887298574087047,0.2741326424273354,0.7029961904141
mishin_2002,cfg030_Al3Ni_uniaxial_x_compression,Al3Ni,uniaxial_x_compression,16,False,2.057833223034322,5.264703922839509,3.2068706998051866,0.13732200130209524,0.17307177066186447,0.31294765096099997
mishin_2002,cfg031_Al3Ni_uniaxial_y_expansion,Al3Ni,uniaxial_y_expansion,16,False,1.9854253571338631,3.8465403930834086,1.8611150359495454,0.1288836884568367,0.1633415824519969,0.33145467252730004
mishin_2002,cfg049_Al3Ni5_uniaxial_y_compression,Al3Ni5,uniaxial_y_compression,8,False,2.576223850610404,0.1399237589714275,-2.4363000916389765,0.07908317213445054,0.14282324210690597,0.3143478709159949
mishin_2002,cfg050_Al3Ni5_orthorhombic_yz,Al3Ni5,orthorhombic_yz,8,False,3.9743068432471773,3.5949368961309958,-0.37936994711618155,0.07762989666631484,0.14139294300084862,0.33694103245314416
mishin_2002,cfg091_AlNi3_iso_compression,AlNi3,iso_compression,4,False,58.53290467712213,20.11026628813717,-38.422638388984964,4.063496028592368e-06,5.276851525573312e-06,9.73643279735e-06
mishin_2002,cfg064_Al3Ni2_iso_compression,Al3Ni2,iso_compression,5,False,51.84856370688067,40.89397964255497,-10.9545840643257,0.1396379277261541,0.3294708349480259,0.8881836022258
mishin_2002,cfg032_Al3Ni_orthorhombic_xy,Al3Ni,orthorhombic_xy,16,False,2.8124843950081413,-2.8657723606109187,-5.67825675561906,0.13286877024224927,0.17120449035319912,0.34003321550410004
mishin_2002,cfg033_Al3Ni_shear_xy_negative,Al3Ni,shear_xy_negative,16,False,0.2232750289294927,0.34300363967609826,0.11972861074660557,0.12975058944788334,0.16832039708713892,0.33468327837760004
mishin_2002,cfg051_Al3Ni5_shear_xy_negative,Al3Ni5,shear_xy_negative,8,False,0.13447355240714387,0.36808371283303387,0.23361016042589,0.08114114003999139,0.14302315890212502,0.32612514411953525
mishin_2002,cfg052_Al3Ni5_shear_yz_positive,Al3Ni5,shear_yz_positive,8,False,-0.08844204376146081,0.7265357790311455,0.8149778227926063,0.07794234721573944,0.1409428341340218,0.31976622308130564
mishin_2002,cfg065_Al3Ni2_iso_expansion,Al3Ni2,iso_expansion,5,False,42.03704606406973,54.82456465186445,12.787518587794722,0.11783216951976007,0.2432798824028439,0.6053117531132
mishin_2002,cfg066_Al3Ni2_uniaxial_z_expansion,Al3Ni2,uniaxial_z_expansion,5,False,2.3452380526578054,2.809895976725585,0.4646579240677795,0.13360783290488293,0.2834927452624688,0.72547809194
mishin_2002,cfg076_AlNi_iso_compression,AlNi,iso_compression,2,False,5.517094900824304,-7.522938969136916,-13.04003386996122,2.3076056698591663e-08,2.307605669859167e-08,2.307605675989e-08
mishin_2002,cfg077_AlNi_iso_expansion,AlNi,iso_expansion,2,False,4.949331853822514,17.394588765815122,12.445256911992608,2.2741634940943335e-09,2.2741634940943335e-09,2.274163565796e-09
mishin_2002,cfg034_Al3Ni_shear_xz_positive,Al3Ni,shear_xz_positive,16,False,0.2613010117329395,0.3035619088938013,0.04226089716086179,0.12980376774462948,0.16774535771413882,0.3301542480324
mishin_2002,cfg035_Al3Ni_rattle_small,Al3Ni,rattle_small,16,False,0.8616131133294402,1.950875608228042,1.0892624948986018,0.1341633395114348,0.16917019068161476,0.34258745324670004
mishin_2002,cfg053_Al3Ni5_rattle_small,Al3Ni5,rattle_small,8,False,0.5640199865410978,0.2634030437400625,-0.30061694280103524,0.08882686356948984,0.1418380204740444,0.3461490340743788
mishin_2002,cfg054_Al3Ni5_rattle_large,Al3Ni5,rattle_large,8,False,19.676200746289396,13.139641792846213,-6.536558953443183,0.15082506467902942,0.18646655109697827,0.4330699260181954
mishin_2002,cfg067_Al3Ni2_shear_xy_negative,Al3Ni2,shear_xy_negative,5,False,0.19933001167373732,0.305249089534243,0.1059190778605057,0.14091505110880514,0.2901265203384491,0.7536760560628001
mishin_2002,cfg068_Al3Ni2_rattle_small,Al3Ni2,rattle_small,5,False,1.3790063225314952,1.7613685064226559,0.3823621838911606,0.14885034486635199,0.290022329779699,0.7683436483312001
mishin_2002,cfg078_AlNi_iso_compression,AlNi,iso_compression,2,False,54.30790941500163,10.036349061353533,-44.2715603536481,5.440293985905167e-08,5.440293985905166e-08,5.440293993075e-08
mishin_2002,cfg079_AlNi_iso_expansion,AlNi,iso_expansion,2,False,43.75173541438926,78.88243985790754,35.13070444351828,9.856693208160167e-09,9.856693208160178e-09,9.856693600208e-09
mishin_2002,cfg036_Al3Ni_rattle_large,Al3Ni,rattle_large,16,False,14.700612154683768,14.743876726681204,0.04326457199743672,0.16309301278077745,0.195947541282647,0.4017264602904
mishin_2002,cfg037_Al3Ni_volume_rattle_compression,Al3Ni,volume_rattle_compression,16,False,38.5481726625585,48.126852714916794,9.578680052358294,0.1780783858168177,0.2287531519641232,0.5672278966820001
mishin_2002,cfg055_Al3Ni5_volume_rattle_compression,Al3Ni5,volume_rattle_compression,8,False,45.15304202459447,40.38164493699625,-4.771397087598217,0.14394368341154892,0.19991086423713256,0.4942110794660576
mishin_2002,cfg092_AlNi3_iso_expansion,AlNi3,iso_expansion,4,False,46.31222702755622,87.45840405224747,41.146177024691255,1.4279496909980434e-06,2.049755795964776e-06,4.827663014805e-06
mishin_2002,cfg093_AlNi3_uniaxial_y_compression,AlNi3,uniaxial_y_compression,4,False,1.7935735240826034,-6.274370698110765,-8.067944222193368,2.662053376942448e-06,3.612544303610131e-06,7.95075078195e-06
mishin_2002,cfg069_Al3Ni2_rattle_large,Al3Ni2,rattle_large,5,False,14.472709966867114,12.658471691344175,-1.8142382755229391,0.17413074085992136,0.29454370420706955,0.8406763102590001
mishin_2002,cfg070_Al3Ni2_volume_rattle_compression,Al3Ni2,volume_rattle_compression,5,False,38.804692932535545,31.119544044444325,-7.68514888809122,0.17716129428849167,0.32883954318157477,0.8712963396790999
mishin_2002,cfg038_Al3Ni_shear_rattle_yz,Al3Ni,shear_rattle_yz,16,False,6.6315737424247345,6.4596455197118985,-0.17192822271283603,0.15358722054942456,0.18963477887054037,0.4116806033265
mishin_2002,cfg039_Al3Ni_biaxial_xy_expansion,Al3Ni,biaxial_xy_expansion,16,False,3.3018284843819856,2.688800010261616,-0.6130284741203695,0.12003969260192715,0.15891882093150375,0.34275588074630003
mishin_2002,cfg056_Al3Ni5_uniaxial_x_expansion,Al3Ni5,uniaxial_x_expansion,8,False,2.76736243358755,3.4518348140730737,0.6844723804855235,0.06708692447774994,0.12337065263339882,0.2867840709448637
mishin_2002,cfg094_AlNi3_shear_xy_negative,AlNi3,shear_xy_negative,4,False,0.17978527876039152,0.3016812580520778,0.12189597929168627,2.42518888025935e-06,3.3244454561714416e-06,7.4891505744e-06
mishin_2002,cfg095_AlNi3_rattle_small,AlNi3,rattle_small,4,False,1.257035234630166,1.3168210103007283,0.0597857756705622,0.04758335065185167,0.057586606858611236,0.11114336503094999
mishin_2002,cfg071_Al3Ni2_orthorhombic_xy,Al3Ni2,orthorhombic_xy,5,False,3.7615190205542604,3.2039155796148577,-0.5576034409394026,0.15709466987866438,0.2937822710330539,0.7554231377937
mishin_2002,cfg072_Al3Ni2_shear_rattle_yz_positive,Al3Ni2,shear_rattle_yz_positive,5,False,8.56936299278459,8.287588882633656,-0.2817741101509341,0.172816470986974,0.28685547383066146,0.7213990130392
mishin_2002,cfg040_Al3Ni_rattle_medium,Al3Ni,rattle_medium,16,False,7.351563499014446,10.194982723724433,2.8434192247099865,0.15327262889302873,0.1871162117529171,0.39330939415929994
mishin_2002,cfg041_Al3Ni_uniaxial_z_compression,Al3Ni,uniaxial_z_compression,16,True,4.875081683167082,7.17123773743733,2.2961560542702486,0.13751527230193372,0.18501915880948386,0.3919120665677
mishin_2002,cfg057_Al3Ni5_shear_rattle_xz_positive,Al3Ni5,shear_rattle_xz_positive,8,False,9.268449131923262,11.596840850151224,2.3283917182279623,0.15568702864235348,0.18736441615043745,0.38581949448159913
mishin_2002,cfg096_AlNi3_rattle_large,AlNi3,rattle_large,4,False,9.867058705822274,10.882560266296082,1.0155015604738082,0.0718648950433834,0.08635894428553986,0.1584269398827
mishin_2002,cfg097_AlNi3_orthorhombic_xz,AlNi3,orthorhombic_xz,4,False,1.477281604820746,-0.2981134948427666,-1.7753950996635126,2.550393304787009e-06,3.466682022678247e-06,7.285434191508e-06
mishin_2002,cfg073_Al3Ni2_biaxial_xy_compression,Al3Ni2,biaxial_xy_compression,5,True,9.294556419627042,3.2796353855779614,-6.014921034049081,0.13994794908614913,0.30749769931562027,0.8062130317781
mishin_2002,cfg080_AlNi_uniaxial_x_expansion,AlNi,uniaxial_x_expansion,2,False,1.5216991041597794,7.839408425668104,6.317709321508325,7.690515970575666e-09,8.757845000552744e-09,1.065326997451e-08
mishin_2002,cfg081_AlNi_shear_xy_negative,AlNi,shear_xy_negative,2,False,0.231058732879319,0.39252106138221166,0.16146232850289266,1.496188930504333e-08,1.5548302998068846e-08,2.09154010361e-08
mishin_2002,cfg082_AlNi_rattle_small,AlNi,rattle_small,2,False,1.5387227390419866,2.262622154123761,0.7238994150817746,0.030234490160413335,0.03422241130064275,0.051998208099400006
mishin_2002,cfg042_Al3Ni_shear_xz_negative,Al3Ni,shear_xz_negative,16,True,1.1267291429248871,0.9834726590507437,-0.14325648387414347,0.13135882136581492,0.16791857372262575,0.3299055402355
mishin_2002,cfg043_Al3Ni_volume_rattle_expansion,Al3Ni,volume_rattle_expansion,16,True,53.3830582110113,48.38445965659588,-4.998598554415423,0.0946899868299254,0.12439737825985742,0.27811370826480003
mishin_2002,cfg058_Al3Ni5_biaxial_xz_compression,Al3Ni5,biaxial_xz_compression,8,True,8.133062711749517,6.556985104307245,-1.5760776074422722,0.09087754514438921,0.16354425548575566,0.3740965589058531
mishin_2002,cfg098_AlNi3_volume_rattle_compression,AlNi3,volume_rattle_compression,4,False,41.797118823524215,7.582081338315838,-34.21503748520838,0.03026965615799834,0.035113855620327615,0.06622093936729997
mishin_2002,cfg099_AlNi3_biaxial_yz_expansion,AlNi3,biaxial_yz_expansion,4,True,8.194970941076463,25.563142498493896,17.368171557417433,1.9028716195795555e-06,2.7228524836658076e-06,6.376177304673e-06
mishin_2002,cfg074_Al3Ni2_shear_xz_negative,Al3Ni2,shear_xz_negative,5,True,1.6846902730321744,1.3709393989294938,-0.31375087410268065,0.1359776460644241,0.28923747443659076,0.7521489780344001
mishin_2002,cfg083_AlNi_rattle_large,AlNi,rattle_large,2,False,15.206317639695044,20.01362804990503,4.807310410209986,0.09988347728959997,0.10448480858986867,0.14325076381919993
mishin_2002,cfg084_AlNi_volume_rattle_compression,AlNi,volume_rattle_compression,2,False,42.11617575356286,7.97352468099799,-34.14265107256487,0.057830156415993324,0.0721845683473482,0.11820732693989999
mishin_2002,cfg085_AlNi_orthorhombic_yz,AlNi,orthorhombic_yz,2,False,1.480019180689851,1.1534631124465733,-0.32655606824327776,2.0945981726859997e-08,2.281194789406464e-08,3.310205484719e-08
mishin_2002,cfg044_Al3Ni_shear_rattle_xy_negative,Al3Ni,shear_rattle_xy_negative,16,True,17.271767166676,20.47657448151252,3.204807314836522,0.15858427730752,0.196890840024869,0.4497131290081
mishin_2002,cfg059_Al3Ni5_shear_yz_negative,Al3Ni5,shear_yz_negative,8,True,0.5225535187491914,-0.7434963664145755,-1.266049885163767,0.08083449952991695,0.1480025221876425,0.339820078921482
mishin_2002,cfg060_Al3Ni5_volume_rattle_expansion,Al3Ni5,volume_rattle_expansion,8,True,62.01211814095586,83.75789480501527,21.745776664059406,0.07128212840483737,0.1158914674114892,0.3055353701527872
mishin_2002,cfg061_Al3Ni5_rattle_xlarge,Al3Ni5,rattle_xlarge,8,True,26.60392860207139,19.86963647829043,-6.7342921237809605,0.14563328322147517,0.17586627770916208,0.33698038071861514
mishin_2002,cfg100_AlNi3_shear_rattle_xz_negative,AlNi3,shear_rattle_xz_negative,4,True,7.112080263595999,5.931400533548903,-1.1806797300470961,0.0450028707035145,0.06139453584049648,0.14027040260681
mishin_2002,cfg075_Al3Ni2_volume_rattle_expansion,Al3Ni2,volume_rattle_expansion,5,True,59.37633097892103,76.91840109375221,17.542070114831176,0.12695405556055267,0.24083192041535945,0.6060745737387001
mishin_2002,cfg086_AlNi_shear_rattle_xz_positive,AlNi,shear_rattle_xz_positive,2,False,8.240881884375995,10.366628894186825,2.12574700981083,0.047892609806263337,0.0671416388623095,0.11442761216140002
mishin_2002,cfg087_AlNi_biaxial_xz_compression,AlNi,biaxial_xz_compression,2,True,8.897683097529807,-7.3055007019853235,-16.20318379951513,2.8892371188234998e-08,3.08387400390858e-08,3.651663427195e-08
mishin_2002,cfg088_AlNi_shear_rattle_yz_negative,AlNi,shear_rattle_yz_negative,2,True,4.560079820748797,5.3279332651126055,0.7678534443638085,0.03858443553498333,0.0414009768146634,0.055240211349199986
mishin_2002,cfg101_Al3Ni_iso_compression,Al3Ni,iso_compression,16,False,86.76732214507865,88.99810232781613,2.230780182737476,0.18402891796692178,0.24434664522737473,0.4702579303379
mishin_2002,cfg102_Al3Ni_iso_compression,Al3Ni,iso_compression,16,False,20.1459351712856,23.630078288435108,3.4841431171495074,0.1494344866945801,0.19813353367513226,0.3588260068417
mishin_2002,cfg103_Al3Ni_iso_expansion,Al3Ni,iso_expansion,16,False,17.598759964812416,13.931974986920004,-3.666784977892412,0.10960664960385734,0.14107190400763703,0.3004986196645
mishin_2002,cfg104_Al3Ni_volume_rattle_compression,Al3Ni,volume_rattle_compression,16,False,23.18586446995141,27.08053826475343,3.894673794802017,0.16234070446104673,0.20638725157484178,0.441873955122
mishin_2002,cfg105_Al3Ni_volume_rattle_expansion,Al3Ni,volume_rattle_expansion,16,False,20.797195059913065,18.485929167347592,-2.3112658925654728,0.11685047070593436,0.1484021750730098,0.32284111711110003
mishin_2002,cfg106_Al3Ni_rattle_020,Al3Ni,rattle_020,16,False,3.792976310251106,3.3262875865207597,-0.4666887237303463,0.14235305191120853,0.17981404843305523,0.3674607042384
mishin_2002,cfg107_Al3Ni_volume_rattle_compression,Al3Ni,volume_rattle_compression,16,False,90.33652668176728,94.17792640385781,3.8413997220905287,0.20091199018093317,0.25394388356827624,0.5858377353932
mishin_2002,cfg108_Al3Ni_rattle_030,Al3Ni,rattle_030,16,False,7.821449245057011,12.231615512312555,4.410166267255544,0.13876531877317236,0.17797368109159378,0.3995190378945
mishin_2002,cfg111_Al3Ni_iso_expansion,Al3Ni,iso_expansion,16,False,85.74967009326429,81.24743439195959,-4.5022357013046985,0.08834236281778456,0.11893652557110501,0.2527588058915
mishin_2002,cfg112_Al3Ni_volume_rattle_expansion,Al3Ni,volume_rattle_expansion,16,False,86.62471580373676,83.00152518262438,-3.6231906211123857,0.08724516485207268,0.11989117348438667,0.2636050915616
mishin_2002,cfg113_Al3Ni_iso_expansion,Al3Ni,iso_expansion,16,False,122.95074318285515,119.15167450388876,-3.7990686789663926,0.08176151777216482,0.1135627517452522,0.2456089303098
mishin_2002,cfg114_Al3Ni_volume_rattle_expansion,Al3Ni,volume_rattle_expansion,16,False,124.80328512015149,120.91902867359794,-3.8842564465535503,0.08811330751431075,0.11785691431529532,0.2552947818391
mishin_2002,cfg115_Al3Ni_iso_expansion,Al3Ni,iso_expansion,16,False,111.22990396893329,107.18965043458795,-4.040253534345339,0.08372769421245208,0.1151240292987624,0.24458898412900001
mishin_2002,cfg117_Al3Ni2_biaxial_xy_compression,Al3Ni2,biaxial_xy_compression,5,False,21.653801723732613,12.385635641799553,-9.26816608193306,0.14190539333442506,0.31483704945196345,0.8297386432743
mishin_2002,cfg118_AlNi3_volume_rattle_compression,AlNi3,volume_rattle_compression,4,False,29.850395078938163,0.3549044719637351,-29.49549060697443,0.05992273780999666,0.07409410514203155,0.12464094263289999
mishin_2002,cfg119_AlNi3_volume_rattle_compression,AlNi3,volume_rattle_compression,4,False,88.32638231388046,46.988259619379136,-41.33812269450132,0.04224015226077917,0.05564238950881145,0.10186608868339997
mishin_2002,cfg121_Al3Ni5_uniaxial_x_expansion,Al3Ni5,uniaxial_x_expansion,8,False,5.109471625928563,6.003873101937174,0.8944014760086105,0.06361985815486261,0.11771976696631724,0.2758526467810094
mishin_2002,cfg123_Al3Ni_biaxial_xy_expansion,Al3Ni,biaxial_xy_expansion,16,False,7.4319898092198855,6.542362512638622,-0.8896272965812635,0.11508303953424215,0.15417746664005333,0.3474124935715
mishin_2002,cfg125_AlNi_biaxial_xz_compression,AlNi,biaxial_xz_compression,2,False,20.63363168417709,-4.839247844476979,-25.47287952865407,2.1577501044023333e-08,2.2094666395304334e-08,2.493798814673e-08
mishin_2002,cfg127_Al3Ni2_shear_rattle_yz_positive,Al3Ni2,shear_rattle_yz_positive,5,False,7.563403302629013,1.0513842163533127,-6.5120190862757,0.14844043951053532,0.2691843702404267,0.7316278576353
mishin_2002,cfg129_Al3Ni5_shear_rattle_xz_positive,Al3Ni5,shear_rattle_xz_positive,8,False,9.0318519446555,9.489937777319213,0.4580858326637127,0.13757609204007637,0.179502165964517,0.365755352506499
mishin_2002,cfg131_AlNi_shear_rattle_xz_positive,AlNi,shear_rattle_xz_positive,2,False,6.040164796104364,6.8247932030987,0.7846284069943366,0.03606591274683333,0.04570594824909782,0.0719883309912
mishin_2002,cfg133_AlNi_shear_rattle_yz_negative,AlNi,shear_rattle_yz_negative,2,False,9.329609289125074,8.800918563164117,-0.5286907259609563,0.022611452006676674,0.023646879760038358,0.031288987968300014
mishin_2002,cfg135_AlNi3_shear_rattle_xz_negative,AlNi3,shear_rattle_xz_negative,4,False,15.770567480103637,14.074778005692679,-1.695789474410958,0.08857972270747,0.1169749523435122,0.2931619666042
mishin_2002,cfg137_Al3Ni2_orthorhombic_xy,Al3Ni2,orthorhombic_xy,5,False,8.829022714780876,7.348498290967598,-1.4805244238132786,0.16931513154885738,0.29894770472714954,0.7578333763965
mishin_2002,cfg139_AlNi_orthorhombic_yz,AlNi,orthorhombic_yz,2,False,3.3975490423472365,2.6245669656237425,-0.7729820767234941,1.168527045033117e-08,1.3801544166913927e-08,2.080253168335e-08
mishin_2002,cfg141_AlNi3_orthorhombic_xz,AlNi3,orthorhombic_xz,4,False,3.6841677451775467,-0.41776730701847953,-4.101935052196026,2.61074141846979e-06,3.525294318307422e-06,7.072887318615e-06
mishin_2002,cfg143_Al3Ni5_biaxial_xz_compression,Al3Ni5,biaxial_xz_compression,8,False,18.911559014668455,17.01139403897134,-1.9001649756971162,0.09869206934400303,0.1771214407438267,0.40594829486676853
mishin_2002,cfg145_AlNi3_biaxial_yz_expansion,AlNi3,biaxial_yz_expansion,4,False,18.431862580200686,42.78962792969221,24.357765349491522,1.7252133791088405e-06,2.4603676423521907e-06,5.738180777232e-06
mishin_2002,cfg146_AlNi_uniaxial_x_compression,AlNi,uniaxial,2,False,1.8178929562964186,-4.698694915768797,-6.516587872065216,1.6853164633235e-08,1.8024588079094056e-08,2.589270196862e-08
mishin_2002,cfg147_AlNi_uniaxial_y_expansion,AlNi,uniaxial,2,False,1.521698878150346,7.839408425668104,6.317709547517758,7.690516001800668e-09,8.757845027972317e-09,1.065327001615e-08
mishin_2002,cfg148_AlNi_uniaxial_y_compression,AlNi,uniaxial,2,False,1.81789301268509,-4.698694915768797,-6.5165879284538875,1.685316464393e-08,1.802458808053945e-08,2.589270192699e-08
mishin_2002,cfg149_AlNi_uniaxial_z_expansion,AlNi,uniaxial,2,False,1.5216990213957615,7.83940842566988,6.317709404274119,7.690516256226666e-09,8.757845076900186e-09,1.065326923899e-08
mishin_2002,cfg150_AlNi_uniaxial_z_compression,AlNi,uniaxial,2,False,1.817892666622356,-4.698694915769686,-6.516587582392042,1.6853164625428334e-08,1.8024588067880868e-08,2.589270194087e-08
mishin_2002,cfg152_AlNi_biaxial_xy_compression,AlNi,biaxial,2,False,20.633631711007183,-4.8392478444778675,-25.47287955548505,2.1577501439541665e-08,2.2094666660197424e-08,2.493798703651e-08
mishin_2002,cfg153_AlNi_biaxial_xz_expansion,AlNi,biaxial,2,False,15.66224852376763,36.006108713874774,20.343860190107144,1.673921212521233e-08,1.763332563641547e-08,2.065922177774e-08
mishin_2002,cfg154_AlNi_biaxial_yz_expansion,AlNi,biaxial,2,False,17.51567792643982,38.98802256806899,21.47234464162917,4.300285242481167e-09,5.334378057381778e-09,8.764170660036e-09
mishin_2002,cfg155_AlNi_biaxial_yz_compression,AlNi,biaxial,2,False,20.63363178194777,-4.8392478444778675,-25.472879626425637,2.1577501041136667e-08,2.209466638650537e-08,2.493798813286e-08
mishin_2002,cfg156_AlNi_orthorhombic_xy_expansion,AlNi,orthorhombic,2,False,2.241778379811876,1.7201326623235147,-0.5216457174883615,1.1392048554492666e-08,1.1486472129177818e-08,1.316394313e-08
mishin_2002,cfg157_AlNi_orthorhombic_xy_compression,AlNi,orthorhombic,2,False,2.241778302050079,1.7201326623235147,-0.5216456397265645,1.1392048571839666e-08,1.1486472147017427e-08,1.31639431647e-08
mishin_2002,cfg158_AlNi_orthorhombic_xz_expansion,AlNi,orthorhombic,2,False,3.397549060082383,2.6245669656237425,-0.7729820944586407,1.1685270429514e-08,1.3801544166209894e-08,2.080253169723e-08
mishin_2002,cfg159_AlNi_orthorhombic_xz_compression,AlNi,orthorhombic,2,False,3.3975491119235812,2.6245669656246307,-0.7729821462989506,1.1685270165837835e-08,1.3801543911143931e-08,2.080253082293e-08
mishin_2002,cfg160_AlNi_orthorhombic_yz_compression,AlNi,orthorhombic,2,False,2.2417782120101037,1.7201326623235147,-0.521645549686589,1.1392048024823833e-08,1.1486471597316577e-08,1.316394307449e-08
mishin_2002,cfg166_AlNi_shear_rattle_xz_negative,AlNi,shear_rattle,2,False,8.451076053006545,9.752487339719451,1.3014112867129057,0.044978572559806675,0.058631472317304,0.09794387540670002
mishin_2002,cfg170_AlNi_volume_rattle_expansion,AlNi,volume_rattle,2,False,99.97008189429835,152.71299095281154,52.74290905851319,0.019774087385084006,0.02373067150680512,0.032398277554400015
mishin_2002,cfg172_Al3Ni_uniaxial_x_expansion,Al3Ni,uniaxial,16,False,3.2183521791466774,-0.6000756188400125,-3.81842779798669,0.12210729696711187,0.16092911435896687,0.3479388213624
mishin_2002,cfg173_Al3Ni_uniaxial_y_compression,Al3Ni,uniaxial,16,False,2.069804367465622,-0.13981953630581856,-2.2096239037714405,0.1347218865468979,0.17470774223575194,0.3249248684559
mishin_2002,cfg174_Al3Ni_uniaxial_z_expansion,Al3Ni,uniaxial,16,False,1.9906830773379625,-0.5051431600433531,-2.4958262373813156,0.1245616256787524,0.15839385501098957,0.29444979148329997
mishin_2002,cfg175_Al3Ni_uniaxial_z_compression,Al3Ni,uniaxial,16,False,2.1653052699548425,4.012285537511762,1.8469802675569191,0.13399786498263966,0.17922241543268802,0.3705536005805
mishin_2002,cfg176_Al3Ni_biaxial_xy_compression,Al3Ni,biaxial,16,False,19.289981296878977,21.449567551023563,2.1595862541445854,0.14271713381287512,0.1906311323041043,0.3473551042745
mishin_2002,cfg177_Al3Ni_biaxial_xz_expansion,Al3Ni,biaxial,16,False,15.11411799083362,6.189524193846108,-8.924593796987512,0.10942329113411704,0.14659003975644092,0.292707750256
mishin_2002,cfg178_Al3Ni_biaxial_xz_compression,Al3Ni,biaxial,16,False,17.730827604736987,25.0523137247165,7.3214861199795145,0.15490493597448496,0.19985484709874068,0.3821575811933
mishin_2002,cfg179_Al3Ni_biaxial_yz_expansion,Al3Ni,biaxial,16,False,17.393224652550998,16.03849847079397,-1.3547261817570266,0.12144747262991722,0.145628824175128,0.2642200486679
mishin_2002,cfg180_Al3Ni_biaxial_yz_compression,Al3Ni,biaxial,16,False,20.44412283225938,18.00968928563318,-2.4344335466262024,0.15219627640408326,0.2019003108473834,0.3967949860252
mishin_2002,cfg181_Al3Ni_orthorhombic_xy_compression,Al3Ni,orthorhombic,16,False,4.89375934535019,10.480549330305067,5.586789984954876,0.14297244789638702,0.17235975829625808,0.3081261160189
mishin_2002,cfg182_Al3Ni_orthorhombic_xz_expansion,Al3Ni,orthorhombic,16,False,6.846769958428922,4.487951102654986,-2.3588188557739365,0.13099190990355614,0.17779200919411034,0.418822472702
mishin_2002,cfg183_Al3Ni_orthorhombic_xz_compression,Al3Ni,orthorhombic,16,False,7.27221670263134,7.523156208352422,0.2509395057210817,0.13585903519755613,0.16362118325733158,0.30817268756390004
mishin_2002,cfg184_Al3Ni_orthorhombic_yz_expansion,Al3Ni,orthorhombic,16,False,4.873410266100109,8.973695943847115,4.1002856777470065,0.13583371728194102,0.17894163456394935,0.3870893660367
mishin_2002,cfg185_Al3Ni_orthorhombic_yz_compression,Al3Ni,orthorhombic,16,False,4.490208195420564,-2.3251832606767664,-6.8153914560973305,0.1284371441365505,0.1673416553873693,0.3107318638208
mishin_2002,cfg189_Al3Ni_shear_rattle_xz_positive,Al3Ni,shear_rattle,16,False,7.175431135237886,7.998246941818277,0.8228158065803903,0.1484154740342005,0.18265315839632448,0.3800562502998
mishin_2002,cfg191_Al3Ni_shear_rattle_xz_negative,Al3Ni,shear_rattle,16,False,7.317794683331158,4.45421818253422,-2.8635765007969383,0.1444002975500797,0.17563901547317276,0.3991440883258
mishin_2002,cfg194_Al3Ni_shear_rattle_yz_negative,Al3Ni,shear_rattle,16,False,12.628109413299171,9.526479495146845,-3.1016299181523266,0.14430984079218603,0.17917007058912565,0.37652392014740005
mishin_2002,cfg195_Al3Ni2_uniaxial_x_expansion,Al3Ni2,uniaxial,5,False,3.6901150644553127,6.909742926295337,3.2196278618400243,0.1428325608043869,0.28013903195659634,0.7230180527745
mishin_2002,cfg198_Al3Ni2_uniaxial_y_compression,Al3Ni2,uniaxial,5,False,2.3424534920195583,-0.20660835989474435,-2.5490618519143027,0.14785082146289816,0.298602483782436,0.7769549436029001
mishin_2002,cfg201_Al3Ni2_biaxial_xz_expansion,Al3Ni2,biaxial,5,False,17.11596012719383,22.258979240660892,5.143019113467062,0.14385062789666608,0.26672404107036773,0.6660206871329
mishin_2002,cfg202_Al3Ni2_biaxial_xz_compression,Al3Ni2,biaxial,5,False,20.122422139684204,14.633077506577052,-5.489344633107152,0.15519365498334858,0.3134822046111838,0.8317508946198
mishin_2002,cfg203_Al3Ni2_biaxial_yz_expansion,Al3Ni2,biaxial,5,False,19.018455042532878,24.42421933931911,5.405764296786231,0.1433941097952186,0.2653925711968011,0.6612537755042001
mishin_2002,cfg204_Al3Ni2_biaxial_yz_compression,Al3Ni2,biaxial,5,False,22.851514558351482,16.976553326308874,-5.874961232042608,0.1575738311815274,0.31521844948405225,0.8359651147338
mishin_2002,cfg205_Al3Ni2_orthorhombic_xy_compression,Al3Ni2,orthorhombic,5,False,5.276336183669628,4.358674068259205,-0.9176621154104225,0.1613441134113266,0.2957969714873823,0.7573028301864
mishin_2002,cfg206_Al3Ni2_orthorhombic_xz_expansion,Al3Ni2,orthorhombic,5,False,10.134077793554752,11.80253815021004,1.668460356655288,0.1443332492951907,0.2872974905375478,0.7557498563215
mishin_2002,cfg207_Al3Ni2_orthorhombic_xz_compression,Al3Ni2,orthorhombic,5,False,8.933400247769896,4.119422535402606,-4.81397771236729,0.15519220389422436,0.2933318508397079,0.7434819883135999
mishin_2002,cfg208_Al3Ni2_orthorhombic_yz_expansion,Al3Ni2,orthorhombic,5,False,6.4711001788964495,8.187366172671773,1.7162659937753233,0.14216844359800568,0.2875445990989424,0.7558247831082999
mishin_2002,cfg209_Al3Ni2_orthorhombic_yz_compression,Al3Ni2,orthorhombic,5,False,5.884884593979223,2.3142710206862205,-3.570613573293002,0.15176712836861078,0.29286158521670425,0.7462752284418
mishin_2002,cfg214_Al3Ni2_shear_rattle_xz_positive,Al3Ni2,shear_rattle,5,False,5.231774076673901,0.6233531075956478,-4.608420969078253,0.151341675590248,0.2772588482135691,0.722685012209
mishin_2002,cfg216_Al3Ni2_shear_rattle_xz_negative,Al3Ni2,shear_rattle,5,False,6.687314145528944,3.1525359152247745,-3.5347782303041697,0.14855464503887827,0.27300991383656076,0.7149431555282001
mishin_2002,cfg219_Al3Ni2_shear_rattle_yz_negative,Al3Ni2,shear_rattle,5,False,15.682022979672183,9.240110833646042,-6.441912146026141,0.157004599262176,0.2652215817536355,0.7069427633708001
mishin_2002,cfg220_Al3Ni2_volume_rattle_expansion,Al3Ni2,volume_rattle,5,False,95.70276066115184,116.85580676873997,21.153046107588125,0.12286643868880263,0.22540763188695143,0.5343199924086
mishin_2002,cfg222_Al3Ni5_uniaxial_x_compression,Al3Ni5,uniaxial,8,False,2.1457827133417595,2.446959903845247,0.3011771905034877,0.0891677963913679,0.16128324928318147,0.36532279256439076
mishin_2002,cfg223_Al3Ni5_uniaxial_y_expansion,Al3Ni5,uniaxial,8,False,2.1621061227961036,4.930810330556312,2.7687042077602086,0.078110384738013,0.1428675074408599,0.33533885798718904
mishin_2002,cfg224_Al3Ni5_uniaxial_z_expansion,Al3Ni5,uniaxial,8,False,2.190166022046469,4.776238026117596,2.586072004071127,0.07857284785152822,0.1434630359191269,0.3237614090977154
mishin_2002,cfg227_Al3Ni5_biaxial_xy_compression,Al3Ni5,biaxial,8,False,24.292907501148875,21.994316223752364,-2.298591277396511,0.10250841657646365,0.1842347021723059,0.39767972193488804
mishin_2002,cfg228_Al3Ni5_biaxial_xz_expansion,Al3Ni5,biaxial,8,False,17.85442832397166,24.924736874994302,7.0703085510226416,0.06386671811178914,0.12006470491398756,0.2742266227508055
mishin_2002,cfg229_Al3Ni5_biaxial_yz_expansion,Al3Ni5,biaxial,8,False,18.234640710943495,30.08650657745182,11.851865866508327,0.07888030397134252,0.14671206992750221,0.34587735416921533
mishin_2002,cfg230_Al3Ni5_biaxial_yz_compression,Al3Ni5,biaxial,8,False,22.276405330103444,13.592737013064848,-8.683668317038595,0.08417126944459585,0.14894556904399583,0.3198551384797619
mishin_2002,cfg231_Al3Ni5_orthorhombic_xy_expansion,Al3Ni5,orthorhombic,8,False,4.792749064563395,0.8310615603788207,-3.9616875041845745,0.06620579937574748,0.12064282697251359,0.264058477012461
mishin_2002,cfg232_Al3Ni5_orthorhombic_xy_compression,Al3Ni5,orthorhombic,8,False,4.190288540939946,6.788784601901909,2.5984960609619634,0.09154397171465223,0.16669703607872724,0.3880911466034077
mishin_2002,cfg233_Al3Ni5_orthorhombic_xz_expansion,Al3Ni5,orthorhombic,8,False,7.744447507775476,2.7077973926914467,-5.036650115084029,0.06316869443369741,0.11532873809000739,0.2793327179332161
mishin_2002,cfg234_Al3Ni5_orthorhombic_xz_compression,Al3Ni5,orthorhombic,8,False,6.589519156477763,9.293597950938981,2.7040787944612177,0.0956549875988311,0.17407355213655618,0.38995336604397934
mishin_2002,cfg235_Al3Ni5_orthorhombic_yz_compression,Al3Ni5,orthorhombic,8,False,6.871058336400893,5.474093116894174,-1.3969652195067184,0.07823149413048586,0.14234031951557635,0.3145719084618882
mishin_2002,cfg241_Al3Ni5_shear_rattle_xz_negative,Al3Ni5,shear_rattle,8,False,6.359821908063168,7.318080035023655,0.9582581269604873,0.10637467122610982,0.15376949667800957,0.36403157510895756
mishin_2002,cfg244_Al3Ni5_shear_rattle_yz_negative,Al3Ni5,shear_rattle,8,False,6.661926597189449,2.726102660812302,-3.9358239363771474,0.12422338688959265,0.1757037048137735,0.39392746298437437
mishin_2002,cfg245_Al3Ni5_volume_rattle_expansion,Al3Ni5,volume_rattle,8,False,102.01621392707239,139.9773950699439,37.96118114287151,0.07363382364927194,0.1156481710177007,0.31471058493363435
mishin_2002,cfg247_AlNi3_uniaxial_x_expansion,AlNi3,uniaxial,4,False,2.8537292814689863,12.008121007636596,9.15439172616761,2.1582518748349634e-06,3.0268806124886187e-06,6.928830357567e-06
mishin_2002,cfg248_AlNi3_uniaxial_x_compression,AlNi3,uniaxial,4,False,1.797152733161056,-6.273673961198156,-8.070826694359212,2.6071794086910565e-06,3.582536880519402e-06,7.950812677186e-06
mishin_2002,cfg249_AlNi3_uniaxial_y_expansion,AlNi3,uniaxial,4,False,1.5686769615967933,8.932682378524959,7.3640054169281655,2.173524863832655e-06,3.07320185676986e-06,7.055164575422e-06
mishin_2002,cfg250_AlNi3_uniaxial_z_expansion,AlNi3,uniaxial,4,False,1.5686770698266628,8.932682378523182,7.36400530869652,2.1560079910379594e-06,3.04121053879756e-06,7.039344005661e-06
mishin_2002,cfg251_AlNi3_uniaxial_z_compression,AlNi3,uniaxial,4,False,1.7935734363163647,-6.274370698085008,-8.067944134401372,2.7059525757333603e-06,3.6710409404446423e-06,7.653748378418e-06
mishin_2002,cfg252_AlNi3_biaxial_xy_expansion,AlNi3,biaxial,4,False,8.191054362669092,25.565039671924694,17.373985309255602,1.9469144402110978e-06,2.7708800543056136e-06,6.449866673419e-06
mishin_2002,cfg253_AlNi3_biaxial_xy_compression,AlNi3,biaxial,4,False,22.185528354384587,-4.836480913811947,-27.022009268196534,3.2858783872118084e-06,4.355232796945525e-06,9.191686469744e-06
mishin_2002,cfg254_AlNi3_biaxial_xz_expansion,AlNi3,biaxial,4,False,16.463968620428204,39.72626234656573,23.26229372613753,1.7753375628055142e-06,2.5205076435496186e-06,5.85797988337e-06
mishin_2002,cfg255_AlNi3_biaxial_xz_compression,AlNi3,biaxial,4,False,19.68208340167621,-6.071633264514098,-25.753716666190307,3.3371324563950564e-06,4.44448417845252e-06,8.602812644073e-06
mishin_2002,cfg256_AlNi3_biaxial_yz_compression,AlNi3,biaxial,4,False,22.177995787387772,-4.842018131017589,-27.02001391840536,3.5003498814924313e-06,4.583824102470681e-06,8.702312217411e-06
mishin_2002,cfg257_AlNi3_orthorhombic_xy_expansion,AlNi3,orthorhombic,4,False,2.336386819024483,-0.3755896263326619,-2.711976445357145,2.4936137066929573e-06,3.3883356102679585e-06,7.53782752656e-06
mishin_2002,cfg258_AlNi3_orthorhombic_xy_compression,AlNi3,orthorhombic,4,False,2.3458021560145426,-0.37556657587334286,-2.7213687318878854,2.405913393907898e-06,3.348621728550552e-06,7.537950265698e-06
mishin_2002,cfg259_AlNi3_orthorhombic_xz_compression,AlNi3,orthorhombic,4,False,3.6956876874683076,-0.4169700634584217,-4.112657750926729,2.359813084844501e-06,3.2629275506117944e-06,7.320840487445e-06
mishin_2002,cfg260_AlNi3_orthorhombic_yz_expansion,AlNi3,orthorhombic,4,False,2.3419065200869227,-0.3759638763716211,-2.717870396458544,2.5418578366660217e-06,3.475736301339711e-06,7.193818810789e-06
mishin_2002,cfg261_AlNi3_orthorhombic_yz_compression,AlNi3,orthorhombic,4,False,2.3419060794367397,-0.3759638764586626,-2.7178699558954023,2.4018698416170334e-06,3.2760492705155943e-06,7.364785742273e-06
mishin_2002,cfg266_AlNi3_shear_rattle_xz_positive,AlNi3,shear_rattle,4,False,7.76414210713483,6.245994881792782,-1.518147225342048,0.06578444726850492,0.08480219112282832,0.18942706056797
mishin_2002,cfg269_AlNi3_shear_rattle_yz_positive,AlNi3,shear_rattle,4,False,4.392710021420498,4.079310887049381,-0.3133991343711173,0.031365994056886747,0.0397145912237642,0.08386493899909997
mishin_2002,cfg271_AlNi3_shear_rattle_yz_negative,AlNi3,shear_rattle,4,False,12.918730616092944,10.109954303862523,-2.808776312230421,0.041981222582588414,0.05388267541417314,0.11311845459819997
mishin_2002,cfg272_AlNi3_volume_rattle_expansion,AlNi3,volume_rattle,4,False,108.3222515194393,165.8025913308325,57.48033981139321,0.058463419310431836,0.07463590669126352,0.14528357137283998
mishin_2002,cfg273_Al3Ni_shear_xy_negative,Al3Ni,shear_xy,16,False,3.9125175471781404,3.9631248569067523,0.05060730972861194,0.137439245781011,0.17563630053968757,0.3975621654925
mishin_2002,cfg275_Al3Ni5_shear_yz_negative,Al3Ni5,shear_yz,8,False,0.8526529231858149,-0.7458102201320926,-1.5984631433179075,0.08145193470770125,0.14930605040646078,0.34293518784170857
mishin_2002,cfg276_Al3Ni5_rattle_xxlarge,Al3Ni5,rattle,8,False,37.537689330747526,48.65112128327986,11.113431952532338,0.21247633494404405,0.2502997001660098,0.49394011227264
mishin_2002,cfg279_Al3Ni2_shear_xy_negative_sweep,Al3Ni2,shear_xy,5,False,7.390555041638436,6.192041146871929,-1.1985138947665064,0.168357317879598,0.29738958087392736,0.7570305853391
mishin_2002,cfg280_AlNi_shear_xy_positive,AlNi,shear_xy,2,False,3.736863185167749,3.532442660577395,-0.2044205245903541,1.3934951972421668e-08,1.4079211722481956e-08,1.647897533708e-08
mishin_2002,cfg281_AlNi_shear_yz_positive,AlNi,shear_yz,2,False,3.736863181075023,3.5324426605782833,-0.20442052049673975,1.393495173187167e-08,1.4079211476957196e-08,1.647897455992e-08
mishin_2002,cfg282_AlNi_volume_rattle_iso_negative,AlNi,isotropic,2,False,109.21889255996575,49.44933164392484,-59.76956091604091,0.07704689890686335,0.10969577538730262,0.18729271208640008
mishin_2002,cfg283_Al3Ni_uniaxial_z_compression,Al3Ni,uniaxial_z,16,False,9.84547835560079,12.406869805659415,2.5613914500586255,0.14119848947511415,0.1926702876348696,0.421334289352
mishin_2002,cfg284_Al3Ni_volume_rattle_compression,Al3Ni,isotropic,16,False,132.61015948410204,137.51222065881797,4.902061174715925,0.2314604604215352,0.29220032922868583,0.6979691581930001
mishin_2002,cfg287_Al3Ni_iso_expansion,Al3Ni,iso_expansion,16,False,66.13093277405824,61.40396512785573,-4.72696764620251,0.09250400482809701,0.12262077953059662,0.2635040814566
mishin_2002,cfg288_Al3Ni_iso_expansion,Al3Ni,iso_expansion,16,False,82.33291941678544,77.78035502053227,-4.5525643962531746,0.08901760782347029,0.11951729846464022,0.2545368905937
mishin_2002,cfg289_Al3Ni_iso_expansion,Al3Ni,iso_expansion,16,False,99.98148701993159,95.72272205490239,-4.258764965029201,0.08568803563582301,0.11671167156561921,0.24576269415950003
mishin_2002,cfg290_Al3Ni_volume_rattle_expansion,Al3Ni,volume_rattle_expansion,16,False,40.85529341750771,36.766956961016284,-4.088336456491426,0.10312136146203472,0.13448512809297203,0.3113175041404
mishin_2002,cfg292_Al3Ni_volume_rattle_expansion,Al3Ni,volume_rattle_expansion,16,False,67.42691811405166,63.9958672686749,-3.4310508453767596,0.09702334880679635,0.1259737729232111,0.2804166211097
mishin_2002,cfg293_Al3Ni_volume_rattle_expansion,Al3Ni,volume_rattle_expansion,16,False,83.65178988265143,78.13258398699796,-5.519205895653471,0.08778196492104028,0.12117927868754441,0.3014123259764
mishin_2002,cfg294_Al3Ni_volume_rattle_expansion,Al3Ni,volume_rattle_expansion,16,False,101.56649535815632,97.8019878162928,-3.764507541863523,0.08464081400875441,0.11449764162184034,0.26182009989239996
