method,config_id,phase,config_type,natoms,reserved_20,dft_relative_energy_mev_atom,method_relative_energy_mev_atom,relative_energy_error_mev_atom,force_mae_evA,force_rmse_evA,force_max_evA
macemp0_small,AlNi_iso_m02,AlNi,iso_m02,2,False,23.47600917391901,16.73251995882641,-6.743489215092602,1.8823803063592465e-08,1.8823803063592465e-08,1.8823803358495456e-08
macemp0_small,AlNi_iso_p02,AlNi,iso_p02,2,False,20.132954608925502,29.471250520562542,9.33829591163704,6.099893699725341e-09,6.099893699725342e-09,6.099893810060982e-09
macemp0_small,AlNi_rattle_003,AlNi,rattle_003,2,False,15.26592649088343,12.79090027111085,-2.4750262197725803,0.04819780341415646,0.05453515355815626,0.07552777948356909
macemp0_small,AlNi_shear015_rattle002,AlNi,shear015_rattle002,2,True,5.778201306839037,4.708164549243499,-1.0700367575955383,0.030390645347475282,0.031240031137267442,0.04040694216352128
macemp0_small,Al3Ni2_iso_m02,Al3Ni2,iso_m02,5,False,22.390723945136415,16.914395909535074,-5.476328035601341,0.011312797735571815,0.022185446675295758,0.049422667014901694
macemp0_small,Al3Ni2_iso_p02,Al3Ni2,iso_p02,5,False,19.349525261714007,23.51846189265956,4.168936630945552,0.009745802125250032,0.02195315724374822,0.05828162921917342
macemp0_small,Al3Ni2_rattle_003,Al3Ni2,rattle_003,5,False,6.209392895470955,4.885400824807817,-1.323992070663138,0.03485180937437606,0.046335789198549374,0.11966734800437939
macemp0_small,Al3Ni2_shear015_rattle002,Al3Ni2,shear015_rattle002,5,True,6.6570473714818945,5.077381456733576,-1.5796659147483183,0.035874619457125514,0.045675716273792376,0.08894162773166014
macemp0_small,AlNi3_iso_m02,AlNi3,iso_m02,4,False,25.29804942332703,18.336810093195766,-6.961239330131264,3.104259939274655e-06,4.020010718105244e-06,7.017386931598094e-06
macemp0_small,AlNi3_iso_p02,AlNi3,iso_p02,4,False,21.365358184993966,28.995770936562693,7.630412751568727,1.7968307345665494e-06,2.322070210308698e-06,3.914855425575254e-06
macemp0_small,AlNi3_rattle_003,AlNi3,rattle_003,4,False,7.775584911541955,6.0189127250183105,-1.7566721865236445,0.05608007717728358,0.06319619678906944,0.114736286062118
macemp0_small,AlNi3_shear015_rattle002,AlNi3,shear015_rattle002,4,True,9.680041639512638,7.690317995034945,-1.9897236444776922,0.041418683798549925,0.05194632406851165,0.10322033159007482
macemp0_small,Al3Ni5_iso_m02,Al3Ni5,iso_m02,8,False,24.318813760601188,20.237845722522962,-4.080968038078225,0.016025748309618542,0.03598387687484672,0.09227733143194523
macemp0_small,Al3Ni5_iso_p02,Al3Ni5,iso_p02,8,False,20.503947813722334,26.937829128599766,6.433881314877432,0.023934472904308942,0.05172358495529184,0.13184985565540686
macemp0_small,Al3Ni5_rattle_003,Al3Ni5,rattle_003,8,False,7.042170087515842,5.780031860571633,-1.2621382269442094,0.048430235367947334,0.059058969497209984,0.135906888262299
macemp0_small,Al3Ni5_shear015_rattle002,Al3Ni5,shear015_rattle002,8,True,7.1576824120711535,6.464816310256971,-0.6928661018141824,0.04142025710205712,0.05817201101481973,0.15477257514124174
macemp0_small,Al3Ni_iso_m02,Al3Ni,iso_m02,16,False,20.270440126068934,15.238360258077677,-5.032079867991257,0.07899710299107487,0.10463775184219994,0.2078676417962787
macemp0_small,Al3Ni_iso_p02,Al3Ni,iso_p02,16,False,17.723327042858728,19.693504025127595,1.9701769822688675,0.06752358779135649,0.0893085335426805,0.1631997513185313
macemp0_small,Al3Ni_rattle_003,Al3Ni,rattle_003,16,False,7.839497648774341,5.261787361029668,-2.5777102877446723,0.09562122338323532,0.11812564082046426,0.2861404646916098
macemp0_small,Al3Ni_shear015_rattle002,Al3Ni,shear015_rattle002,16,True,4.067047446596916,1.8654654633323275,-2.201581983264589,0.08928430256343128,0.10939380244244692,0.21520155291639176
macemp0_small,AlNi_relaxed,AlNi,relaxed,2,False,0.0,0.0,0.0,2.9700371195089982e-09,2.9700371195089986e-09,2.9700371745322585e-09
macemp0_small,Al3Ni2_relaxed,Al3Ni2,relaxed,5,False,0.0,0.0,0.0,0.003435673895618351,0.006682948000714201,0.01437705484164517
macemp0_small,AlNi3_relaxed,AlNi3,relaxed,4,False,0.0,0.0,0.0,2.3762446155012203e-06,3.077531898009379e-06,5.3112997549266405e-06
macemp0_small,Al3Ni5_relaxed,Al3Ni5,relaxed,8,False,0.0,0.0,0.0,0.021267513730539558,0.04690613981787739,0.12004002247204384
macemp0_small,Al3Ni_relaxed,Al3Ni,relaxed,16,False,0.0,0.0,0.0,0.07295854256625668,0.0964345260628649,0.18281689364102585
macemp0_small,cfg026_Al3Ni_iso_compression,Al3Ni,iso_compression,16,False,4.768912722738605,2.7707825512379713,-1.9981301715006339,0.07586480821171109,0.10036982886509412,0.19441503823685577
macemp0_small,cfg027_Al3Ni_iso_expansion,Al3Ni,iso_expansion,16,False,4.462213569922824,5.9263301997178885,1.4641166297950647,0.07019410820761364,0.09275387818300068,0.17256447325976837
macemp0_small,cfg045_Al3Ni5_iso_compression,Al3Ni5,iso_compression,8,False,5.708646137009055,3.5185073865520167,-2.190138750457038,0.018971182356413374,0.0422264263937477,0.10822234818153571
macemp0_small,cfg046_Al3Ni5_iso_expansion,Al3Ni5,iso_expansion,8,False,4.975187328909669,8.244878769263941,3.269691440354272,0.022915713991707637,0.050042765546596,0.12783458971908884
macemp0_small,cfg089_AlNi3_iso_compression,AlNi3,iso_compression,4,False,5.882517383724917,2.531199512462834,-3.351317871262083,2.737472884641506e-06,3.524584113303037e-06,6.10751604810441e-06
macemp0_small,cfg062_Al3Ni2_iso_compression,Al3Ni2,iso_compression,5,False,5.2700207012094324,2.8210249027900147,-2.4489957984194177,0.005172582312293829,0.010258112810908264,0.023809611333600544
macemp0_small,cfg028_Al3Ni_iso_compression,Al3Ni,iso_compression,16,False,47.08923208818305,38.56739794946584,-8.52183413871721,0.08242494274223072,0.10934393907965419,0.22380548424397767
macemp0_small,cfg029_Al3Ni_iso_expansion,Al3Ni,iso_expansion,16,False,38.42214492919993,40.56732441268096,2.14517948348103,0.06488637869031107,0.08606356233634378,0.154301353364382
macemp0_small,cfg047_Al3Ni5_iso_compression,Al3Ni5,iso_compression,8,False,56.177652815222245,51.71854515709118,-4.459107658131067,0.012468778580344423,0.02826067610799251,0.07258563948859051
macemp0_small,cfg048_Al3Ni5_iso_expansion,Al3Ni5,iso_expansion,8,False,44.56866904183698,54.88239866975064,10.31372962791366,0.024322216791972554,0.05199144813117429,0.1322585265191832
macemp0_small,cfg090_AlNi3_iso_expansion,AlNi3,iso_expansion,4,False,5.178149561743339,9.276826910640246,4.098677348896906,2.0861362214462587e-06,2.6893179866986303e-06,4.588489253932321e-06
macemp0_small,cfg063_Al3Ni2_iso_expansion,Al3Ni2,iso_expansion,5,False,4.795395678229397,7.251210868025737,2.45581518979634,0.005367835768136877,0.014100070291189128,0.03858161245006175
macemp0_small,cfg030_Al3Ni_uniaxial_x_compression,Al3Ni,uniaxial_x_compression,16,False,2.057833223034322,0.31401897433447346,-1.7438142486998487,0.06952085531507592,0.0941812424339654,0.1648167750889315
macemp0_small,cfg031_Al3Ni_uniaxial_y_expansion,Al3Ni,uniaxial_y_expansion,16,False,1.9854253571338631,2.475552324728625,0.4901269675947617,0.06712921616953364,0.09220107260114531,0.17574091205035836
macemp0_small,cfg049_Al3Ni5_uniaxial_y_compression,Al3Ni5,uniaxial_y_compression,8,False,2.576223850610404,0.8736120114338775,-1.7026118391765266,0.01927765123424149,0.04219658869911169,0.10423386625835707
macemp0_small,cfg050_Al3Ni5_orthorhombic_yz,Al3Ni5,orthorhombic_yz,8,False,3.9743068432471773,3.1862218658655905,-0.7880849773815868,0.021246881427189546,0.04767542481146409,0.129562226629227
macemp0_small,cfg091_AlNi3_iso_compression,AlNi3,iso_compression,4,False,58.53290467712213,49.008612499031656,-9.524292178090477,3.575486678077753e-06,4.6149116850478705e-06,8.055350255403975e-06
macemp0_small,cfg064_Al3Ni2_iso_compression,Al3Ni2,iso_compression,5,False,51.84856370688067,43.63279608491979,-8.215767621960879,0.01783520309046705,0.03626498643302467,0.08839950086255742
macemp0_small,cfg032_Al3Ni_orthorhombic_xy,Al3Ni,orthorhombic_xy,16,False,2.8124843950081413,1.5107834720398117,-1.3017009229683296,0.08375574594144715,0.10557643381987816,0.19878197368198017
macemp0_small,cfg033_Al3Ni_shear_xy_negative,Al3Ni,shear_xy_negative,16,False,0.2232750289294927,0.16926820037888035,-0.05400682855061234,0.07304006557410504,0.09653235630340655,0.1852192139032427
macemp0_small,cfg051_Al3Ni5_shear_xy_negative,Al3Ni5,shear_xy_negative,8,False,0.13447355240714387,0.2972606259961097,0.16278707358896582,0.022726628862739757,0.04707635077143467,0.11990765718362334
macemp0_small,cfg052_Al3Ni5_shear_yz_positive,Al3Ni5,shear_yz_positive,8,False,-0.08844204376146081,0.6482319317937524,0.7366739755552132,0.020375967278661377,0.047158036180470826,0.12156714340410515
macemp0_small,cfg065_Al3Ni2_iso_expansion,Al3Ni2,iso_expansion,5,False,42.03704606406973,47.87809450140088,5.841048437331153,0.013555341001602488,0.028773651444296874,0.07368109716064114
macemp0_small,cfg066_Al3Ni2_uniaxial_z_expansion,Al3Ni2,uniaxial_z_expansion,5,False,2.3452380526578054,3.2492744936824636,0.9040364410246582,0.008614424729549182,0.017344241610753496,0.04157607675684527
macemp0_small,cfg076_AlNi_iso_compression,AlNi,iso_compression,2,False,5.517094900824304,1.9272164503822964,-3.589878450442008,1.504031085605417e-08,1.504031085605418e-08,1.504031124643923e-08
macemp0_small,cfg077_AlNi_iso_expansion,AlNi,iso_expansion,2,False,4.949331853822514,9.601686542832333,4.652354689009819,1.5075847040834564e-09,1.5075847040834604e-09,1.5075848398436384e-09
macemp0_small,cfg034_Al3Ni_shear_xz_positive,Al3Ni,shear_xz_positive,16,False,0.2613010117329395,0.17795897884820278,-0.08334203288473674,0.07399167760300845,0.09657211885221292,0.18272347138194805
macemp0_small,cfg035_Al3Ni_rattle_small,Al3Ni,rattle_small,16,False,0.8616131133294402,1.6152027806803915,0.7535896673509512,0.07216131831929899,0.09159336640265758,0.18169491634818177
macemp0_small,cfg053_Al3Ni5_rattle_small,Al3Ni5,rattle_small,8,False,0.5640199865410978,0.6730697784771422,0.10904979193604447,0.028509422340063307,0.04777270352902043,0.12051450263829358
macemp0_small,cfg054_Al3Ni5_rattle_large,Al3Ni5,rattle_large,8,False,19.676200746289396,17.803439209262528,-1.872761537026868,0.05873558370097943,0.07176275031403538,0.18376533637057013
macemp0_small,cfg067_Al3Ni2_shear_xy_negative,Al3Ni2,shear_xy_negative,5,False,0.19933001167373732,0.2451660543506762,0.04583604267693889,0.005048545902541415,0.007401670097972861,0.01479184929703117
macemp0_small,cfg068_Al3Ni2_rattle_small,Al3Ni2,rattle_small,5,False,1.3790063225314952,1.132619777962418,-0.24638654456907716,0.022567428696704864,0.02704593039914123,0.053598027154981354
macemp0_small,cfg078_AlNi_iso_compression,AlNi,iso_compression,2,False,54.30790941500163,45.80851924155027,-8.49939017345136,3.714045755368681e-08,3.7140457553686807e-08,3.714045761910034e-08
macemp0_small,cfg079_AlNi_iso_expansion,AlNi,iso_expansion,2,False,43.75173541438926,58.46029423821886,14.708558823829598,6.064137096155389e-09,6.064137096155389e-09,6.064137192396402e-09
macemp0_small,cfg036_Al3Ni_rattle_large,Al3Ni,rattle_large,16,False,14.700612154683768,11.962995134382481,-2.737617020301286,0.09532416666628128,0.12075881358606479,0.29809019602111037
macemp0_small,cfg037_Al3Ni_volume_rattle_compression,Al3Ni,volume_rattle_compression,16,False,38.5481726625585,29.6727911462078,-8.8753815163507,0.09429586186106413,0.11906642931764036,0.26934194365947
macemp0_small,cfg055_Al3Ni5_volume_rattle_compression,Al3Ni5,volume_rattle_compression,8,False,45.15304202459447,40.20371041144344,-4.949331613151031,0.035156492203422395,0.04354389769523216,0.08834199935673953
macemp0_small,cfg092_AlNi3_iso_expansion,AlNi3,iso_expansion,4,False,46.31222702755622,57.89068651185225,11.578459484296033,1.5836196295063577e-06,2.043488818047713e-06,3.4032132106465336e-06
macemp0_small,cfg093_AlNi3_uniaxial_y_compression,AlNi3,uniaxial_y_compression,4,False,1.7935735240826034,0.060883298273139985,-1.7326902258094634,2.545319779555095e-06,3.3000852368043545e-06,5.723722673174787e-06
macemp0_small,cfg069_Al3Ni2_rattle_large,Al3Ni2,rattle_large,5,False,14.472709966867114,11.427386859585198,-3.0453231072819165,0.060631266750747176,0.0712096190156302,0.14335812449015806
macemp0_small,cfg070_Al3Ni2_volume_rattle_compression,Al3Ni2,volume_rattle_compression,5,False,38.804692932535545,31.3296581669988,-7.475034765536744,0.03549201049233386,0.04263010946638505,0.0748708421713195
macemp0_small,cfg038_Al3Ni_shear_rattle_yz,Al3Ni,shear_rattle_yz,16,False,6.6315737424247345,4.602901806917359,-2.0286719355073757,0.08166629514744574,0.10539577681994257,0.2545841170503712
macemp0_small,cfg039_Al3Ni_biaxial_xy_expansion,Al3Ni,biaxial_xy_expansion,16,False,3.3018284843819856,4.608595882511501,1.3067673981295158,0.06981922019582316,0.09430221158590568,0.188629944545933
macemp0_small,cfg056_Al3Ni5_uniaxial_x_expansion,Al3Ni5,uniaxial_x_expansion,8,False,2.76736243358755,4.096952925243258,1.3295904916557078,0.020002771346788063,0.042819229606063894,0.10898237528686128
macemp0_small,cfg094_AlNi3_shear_xy_negative,AlNi3,shear_xy_negative,4,False,0.17978527876039152,0.32604290518634116,0.14625762642594964,2.3922420098639253e-06,3.072737726056824e-06,5.3032857898582635e-06
macemp0_small,cfg095_AlNi3_rattle_small,AlNi3,rattle_small,4,False,1.257035234630166,1.2849543839719146,0.02791914934174855,0.01575181733939065,0.0183957027613487,0.03683183029877554
macemp0_small,cfg071_Al3Ni2_orthorhombic_xy,Al3Ni2,orthorhombic_xy,5,False,3.7615190205542604,2.560035701496588,-1.2014833190576724,0.008293740742821082,0.011849726669643934,0.020711730152203324
macemp0_small,cfg072_Al3Ni2_shear_rattle_yz_positive,Al3Ni2,shear_rattle_yz_positive,5,False,8.56936299278459,5.92192751445495,-2.6474354783296405,0.05018726609472561,0.06221807086826866,0.11992093183439773
macemp0_small,cfg040_Al3Ni_rattle_medium,Al3Ni,rattle_medium,16,False,7.351563499014446,7.065155913708487,-0.2864075853059589,0.08782750768879122,0.10326995611294913,0.21277900358882973
macemp0_small,cfg041_Al3Ni_uniaxial_z_compression,Al3Ni,uniaxial_z_compression,16,True,4.875081683167082,3.051971845405177,-1.8231098377619048,0.07304080417941906,0.10170461949754225,0.21928082814002775
macemp0_small,cfg057_Al3Ni5_shear_rattle_xz_positive,Al3Ni5,shear_rattle_xz_positive,8,False,9.268449131923262,7.8682773444294085,-1.4001717874938535,0.05320161332007974,0.06883251745783066,0.16749142414187468
macemp0_small,cfg096_AlNi3_rattle_large,AlNi3,rattle_large,4,False,9.867058705822274,7.864384455109175,-2.002674250713099,0.05198973484165582,0.06425669146285586,0.14377187288943694
macemp0_small,cfg097_AlNi3_orthorhombic_xz,AlNi3,orthorhombic_xz,4,False,1.477281604820746,1.189257234377017,-0.2880243704437291,2.384022185911036e-06,3.0761760051895685e-06,5.288024960155464e-06
macemp0_small,cfg073_Al3Ni2_biaxial_xy_compression,Al3Ni2,biaxial_xy_compression,5,True,9.294556419627042,6.2730587013149375,-3.021497718312105,0.007150470416895044,0.017598485784543542,0.04785926604020305
macemp0_small,cfg080_AlNi_uniaxial_x_expansion,AlNi,uniaxial_x_expansion,2,False,1.5216991041597794,3.70060147857032,2.1789023744105407,4.8940832133262104e-09,5.613760828534391e-09,6.838596583545048e-09
macemp0_small,cfg081_AlNi_shear_xy_negative,AlNi,shear_xy_negative,2,False,0.231058732879319,0.31987546392908683,0.08881673104976784,9.625393816013449e-09,9.994304683110603e-09,1.3410251516882132e-08
macemp0_small,cfg082_AlNi_rattle_small,AlNi,rattle_small,2,False,1.5387227390419866,1.4560177161868637,-0.08270502285512293,0.016826932408120065,0.019070371825727482,0.0290162890608672
macemp0_small,cfg042_Al3Ni_shear_xz_negative,Al3Ni,shear_xz_negative,16,True,1.1267291429248871,0.5766631185064597,-0.5500660244184274,0.07545338741582085,0.0968727537190267,0.182337861029474
macemp0_small,cfg043_Al3Ni_volume_rattle_expansion,Al3Ni,volume_rattle_expansion,16,True,53.3830582110113,54.7235748574888,1.3405166464774965,0.06856599018096399,0.08833557787122154,0.1782751277055588
macemp0_small,cfg058_Al3Ni5_biaxial_xz_compression,Al3Ni5,biaxial_xz_compression,8,True,8.133062711749517,5.6345734778009415,-2.4984892339485754,0.01976514232582879,0.045073353607800015,0.11956883984317404
macemp0_small,cfg098_AlNi3_volume_rattle_compression,AlNi3,volume_rattle_compression,4,False,41.797118823524215,33.294442076976516,-8.5026767465477,0.02059871266699129,0.02671716438018898,0.05857340140476053
macemp0_small,cfg099_AlNi3_biaxial_yz_expansion,AlNi3,biaxial_yz_expansion,4,True,8.194970941076463,12.838872238302379,4.643901297225916,2.0254205601972123e-06,2.617076094974827e-06,4.45277814984605e-06
macemp0_small,cfg074_Al3Ni2_shear_xz_negative,Al3Ni2,shear_xz_negative,5,True,1.6846902730321744,0.9515879361835289,-0.7331023368486456,0.00617538620032898,0.008869919560594894,0.015639346236141206
macemp0_small,cfg083_AlNi_rattle_large,AlNi,rattle_large,2,False,15.206317639695044,12.915946785117427,-2.290370854577617,0.05212526581814694,0.054829342135457634,0.07617567739856274
macemp0_small,cfg084_AlNi_volume_rattle_compression,AlNi,volume_rattle_compression,2,False,42.11617575356286,33.91521223423144,-8.200963519331417,0.01962097768907764,0.024640715630986625,0.04046928449466042
macemp0_small,cfg085_AlNi_orthorhombic_yz,AlNi,orthorhombic_yz,2,False,1.480019180689851,1.0498693283613747,-0.43014985232847636,1.3458408562073976e-08,1.4593870065568893e-08,2.0977659949406036e-08
macemp0_small,cfg044_Al3Ni_shear_rattle_xy_negative,Al3Ni,shear_rattle_xy_negative,16,True,17.271767166676,12.744957700433268,-4.526809466242732,0.09932022350193581,0.11911570899427944,0.24755044345294608
macemp0_small,cfg059_Al3Ni5_shear_yz_negative,Al3Ni5,shear_yz_negative,8,True,0.5225535187491914,-0.8494967419849786,-1.37205026073417,0.023234735365585516,0.0466250833911818,0.11557062279284078
macemp0_small,cfg060_Al3Ni5_volume_rattle_expansion,Al3Ni5,volume_rattle_expansion,8,True,62.01211814095586,75.37313731755191,13.361019176596045,0.03433768289036412,0.04622734634092828,0.1125494964182294
macemp0_small,cfg061_Al3Ni5_rattle_xlarge,Al3Ni5,rattle_xlarge,8,True,26.60392860207139,24.72906263811314,-1.87486596395825,0.06965882017870619,0.08468212868562194,0.2094004447561142
macemp0_small,cfg100_AlNi3_shear_rattle_xz_negative,AlNi3,shear_rattle_xz_negative,4,True,7.112080263595999,5.627084418643236,-1.4849958449527634,0.03216978470431143,0.04039930654517183,0.0957895456966607
macemp0_small,cfg075_Al3Ni2_volume_rattle_expansion,Al3Ni2,volume_rattle_expansion,5,True,59.37633097892103,65.294481642092,5.918150663170962,0.029802434766477977,0.041042830060735704,0.11513298893856412
macemp0_small,cfg086_AlNi_shear_rattle_xz_positive,AlNi,shear_rattle_xz_positive,2,False,8.240881884375995,6.898131240935079,-1.3427506434409153,0.027656670336338108,0.03753937562771853,0.06351563887967521
macemp0_small,cfg087_AlNi_biaxial_xz_compression,AlNi,biaxial_xz_compression,2,True,8.897683097529807,4.354861613090399,-4.542821484439408,1.9155773511504427e-08,2.0488835720922076e-08,2.429623706390327e-08
macemp0_small,cfg088_AlNi_shear_rattle_yz_negative,AlNi,shear_rattle_yz_negative,2,True,4.560079820748797,3.7561675595316757,-0.8039122612171212,0.02189324081649499,0.02308937636910178,0.029874961709544207
macemp0_small,cfg101_Al3Ni_iso_compression,Al3Ni,iso_compression,16,False,86.76732214507865,74.10841248973554,-12.658909655343109,0.08623978376261449,0.11466364737771023,0.24314489945838808
macemp0_small,cfg102_Al3Ni_iso_compression,Al3Ni,iso_compression,16,False,20.1459351712856,15.23848550915563,-4.90744966212997,0.07899385469226693,0.10463400527386098,0.20786115518380158
macemp0_small,cfg103_Al3Ni_iso_expansion,Al3Ni,iso_expansion,16,False,17.598759964812416,19.69343414483138,2.0946741800189628,0.06751908360448354,0.08930293835066512,0.16317978275419417
macemp0_small,cfg104_Al3Ni_volume_rattle_compression,Al3Ni,volume_rattle_compression,16,False,23.18586446995141,18.22176288191102,-4.964101588040393,0.08533495525415354,0.10527769550712504,0.22095134762775892
macemp0_small,cfg105_Al3Ni_volume_rattle_expansion,Al3Ni,volume_rattle_expansion,16,False,20.797195059913065,23.045717812523847,2.248522752610782,0.07063669995766537,0.08909367312851853,0.1787103795996135
macemp0_small,cfg106_Al3Ni_rattle_020,Al3Ni,rattle_020,16,False,3.792976310251106,2.6620810119712957,-1.1308952982798104,0.08596899373892657,0.10677841602244934,0.2717295330628118
macemp0_small,cfg107_Al3Ni_volume_rattle_compression,Al3Ni,volume_rattle_compression,16,False,90.33652668176728,77.4436971379533,-12.892829543813988,0.09303500171323342,0.11852506805183467,0.2793156306685536
macemp0_small,cfg108_Al3Ni_rattle_030,Al3Ni,rattle_030,16,False,7.821449245057011,6.460307808679566,-1.3611414363774443,0.0834009183746998,0.10627429849768741,0.23234275039554392
macemp0_small,cfg111_Al3Ni_iso_expansion,Al3Ni,iso_expansion,16,False,85.74967009326429,87.19707359363049,1.4474035003662067,0.060628078546395514,0.08118019903016568,0.14033313612746662
macemp0_small,cfg112_Al3Ni_volume_rattle_expansion,Al3Ni,volume_rattle_expansion,16,False,86.62471580373676,87.6294605375767,1.0047447338399422,0.06393324884053908,0.08387023115402978,0.17570197651946828
macemp0_small,cfg113_Al3Ni_iso_expansion,Al3Ni,iso_expansion,16,False,122.95074318285515,123.77258227371257,0.8218390908574236,0.057878193350985145,0.07818718281756046,0.13727489838689966
macemp0_small,cfg114_Al3Ni_volume_rattle_expansion,Al3Ni,volume_rattle_expansion,16,False,124.80328512015149,125.16712449734335,0.36383937719186576,0.06352632642328564,0.08128869926345199,0.167936302432908
macemp0_small,cfg115_Al3Ni_iso_expansion,Al3Ni,iso_expansion,16,False,111.22990396893329,112.23921627048306,1.0093123015497696,0.058708867649409614,0.07908462251706201,0.1376442275597975
macemp0_small,cfg117_Al3Ni2_biaxial_xy_compression,Al3Ni2,biaxial_xy_compression,5,False,21.653801723732613,16.864596590890812,-4.789205132841801,0.01216152784190313,0.0262017644309886,0.06789058944184899
macemp0_small,cfg118_AlNi3_volume_rattle_compression,AlNi3,volume_rattle_compression,4,False,29.850395078938163,22.541855730689342,-7.3085393482488215,0.025034789801288742,0.0290595412205082,0.052119213156929925
macemp0_small,cfg119_AlNi3_volume_rattle_compression,AlNi3,volume_rattle_compression,4,False,88.32638231388046,76.58527265459547,-11.741109659284987,0.037572081770436506,0.046251824461855176,0.1032888228619705
macemp0_small,cfg121_Al3Ni5_uniaxial_x_expansion,Al3Ni5,uniaxial_x_expansion,8,False,5.109471625928563,6.684990892510179,1.5755192665816153,0.019587329881236484,0.041416509721862484,0.10509566886471579
macemp0_small,cfg123_Al3Ni_biaxial_xy_expansion,Al3Ni,biaxial_xy_expansion,16,False,7.4319898092198855,8.97340207677022,1.541412267550335,0.06831621471890871,0.0934308722879987,0.1914765438946415
macemp0_small,cfg125_AlNi_biaxial_xz_compression,AlNi,biaxial_xz_compression,2,False,20.63363168417709,14.015887267237126,-6.6177444169399635,1.4442073057056281e-08,1.4821953936192696e-08,1.6799703700214053e-08
macemp0_small,cfg127_Al3Ni2_shear_rattle_yz_positive,Al3Ni2,shear_rattle_yz_positive,5,False,7.563403302629013,5.188079691415481,-2.375323611213531,0.037843117253260186,0.04891788206908237,0.11387041855798635
macemp0_small,cfg129_Al3Ni5_shear_rattle_xz_positive,Al3Ni5,shear_rattle_xz_positive,8,False,9.0318519446555,7.5932523231498905,-1.4385996215056096,0.05064094345373071,0.06182820959539551,0.12888547017008462
macemp0_small,cfg131_AlNi_shear_rattle_xz_positive,AlNi,shear_rattle_xz_positive,2,False,6.040164796104364,4.895611780341369,-1.1445530157629946,0.018719478420159644,0.024420300457660766,0.038465066745861476
macemp0_small,cfg133_AlNi_shear_rattle_yz_negative,AlNi,shear_rattle_yz_negative,2,False,9.329609289125074,7.040240527064867,-2.2893687620602066,0.01047455832627737,0.010965379289424544,0.014868730009440126
macemp0_small,cfg135_AlNi3_shear_rattle_xz_negative,AlNi3,shear_rattle_xz_negative,4,False,15.770567480103637,12.270582252764228,-3.4999852273394083,0.06451065896772536,0.07176781870957463,0.1094765853627161
macemp0_small,cfg137_Al3Ni2_orthorhombic_xy,Al3Ni2,orthorhombic_xy,5,False,8.829022714780876,5.846045563087188,-2.9829771516936887,0.010464425421515112,0.016161250579814268,0.030508180450624287
macemp0_small,cfg139_AlNi_orthorhombic_yz,AlNi,orthorhombic_yz,2,False,3.3975490423472365,2.38284587478077,-1.0147031675664664,7.47037066082569e-09,8.789531222916907e-09,1.3189696533967912e-08
macemp0_small,cfg141_AlNi3_orthorhombic_xz,AlNi3,orthorhombic_xz,4,False,3.6841677451775467,2.676789431875548,-1.0073783133019987,2.3619884211854894e-06,3.047749542078179e-06,5.20348610178736e-06
macemp0_small,cfg143_Al3Ni5_biaxial_xz_compression,Al3Ni5,biaxial_xz_compression,8,False,18.911559014668455,15.055495713851563,-3.856063300816892,0.019148008346561603,0.043695426696651794,0.117531971487633
macemp0_small,cfg145_AlNi3_biaxial_yz_expansion,AlNi3,biaxial_yz_expansion,4,False,18.431862580200686,25.10532542697863,6.673462846777944,1.8548161006004995e-06,2.401989668186424e-06,4.073862677583069e-06
macemp0_small,cfg146_AlNi_uniaxial_x_compression,AlNi,uniaxial,2,False,1.8178929562964186,-0.2035925751719958,-2.0214855314684144,1.094844867605514e-08,1.172957505894364e-08,1.6900658809937408e-08
macemp0_small,cfg147_AlNi_uniaxial_y_expansion,AlNi,uniaxial,2,False,1.521698878150346,3.70060147857032,2.178902600419974,4.89408341816814e-09,5.6137609308542295e-09,6.83859616547669e-09
macemp0_small,cfg148_AlNi_uniaxial_y_compression,AlNi,uniaxial,2,False,1.81789301268509,-0.2035925751719958,-2.021485587857086,1.094844831694931e-08,1.1729574770797455e-08,1.6900658664220636e-08
macemp0_small,cfg149_AlNi_uniaxial_z_expansion,AlNi,uniaxial,2,False,1.5216990213957615,3.7006014785712082,2.1789024571754467,4.894083517173869e-09,5.613761209642929e-09,6.838597121851427e-09
macemp0_small,cfg150_AlNi_uniaxial_z_compression,AlNi,uniaxial,2,False,1.817892666622356,-0.2035925751719958,-2.021485241794352,1.0948448429760546e-08,1.1729574852204424e-08,1.6900658643837635e-08
macemp0_small,cfg152_AlNi_biaxial_xy_compression,AlNi,biaxial,2,False,20.633631711007183,14.015887267237126,-6.617744443770057,1.4442073317102172e-08,1.4821954116581332e-08,1.6799703756592566e-08
macemp0_small,cfg153_AlNi_biaxial_xz_expansion,AlNi,biaxial,2,False,15.66224852376763,23.137704176682483,7.475455652914853,1.0512226274971987e-08,1.105248642959885e-08,1.2925787463372723e-08
macemp0_small,cfg154_AlNi_biaxial_yz_expansion,AlNi,biaxial,2,False,17.51567792643982,25.429684283237997,7.9140063567981755,2.730963213085297e-09,3.4010426249682893e-09,5.597644524985013e-09
macemp0_small,cfg155_AlNi_biaxial_yz_compression,AlNi,biaxial,2,False,20.63363178194777,14.015887267237126,-6.617744514710644,1.4442073409530408e-08,1.4821954262335622e-08,1.6799704025474704e-08
macemp0_small,cfg156_AlNi_orthorhombic_xy_expansion,AlNi,orthorhombic,2,False,2.241778379811876,1.564716719459014,-0.6770616603528623,7.378909424960699e-09,7.46227207078991e-09,8.7414396936214e-09
macemp0_small,cfg157_AlNi_orthorhombic_xy_compression,AlNi,orthorhombic,2,False,2.241778302050079,1.564716719459014,-0.6770615825910653,7.3789090307086495e-09,7.462271742723907e-09,8.741439832399278e-09
macemp0_small,cfg158_AlNi_orthorhombic_xz_expansion,AlNi,orthorhombic,2,False,3.397549060082383,2.3828458747816583,-1.014703185300725,7.470370855259279e-09,8.78953142621401e-09,1.318969688243049e-08
macemp0_small,cfg159_AlNi_orthorhombic_xz_compression,AlNi,orthorhombic,2,False,3.3975491119235812,2.3828458747816583,-1.014703237141923,7.470370252741027e-09,8.789530486970574e-09,1.3189694792522383e-08
macemp0_small,cfg160_AlNi_orthorhombic_yz_compression,AlNi,orthorhombic,2,False,2.2417782120101037,1.564716719459014,-0.6770614925510898,7.378909057108972e-09,7.46227185418247e-09,8.741440598008642e-09
macemp0_small,cfg166_AlNi_shear_rattle_xz_negative,AlNi,shear_rattle,2,False,8.451076053006545,6.862241563149851,-1.5888344898566942,0.022197705311664356,0.03120456637320144,0.0527131694805687
macemp0_small,cfg170_AlNi_volume_rattle_expansion,AlNi,volume_rattle,2,False,99.97008189429835,122.7102183780575,22.74013648375916,0.017848223073371385,0.021420629899146944,0.029249505822134814
macemp0_small,cfg172_Al3Ni_uniaxial_x_expansion,Al3Ni,uniaxial,16,False,3.2183521791466774,3.821814059525863,0.6034618803791858,0.07563670530306736,0.09905167982881911,0.197914403196969
macemp0_small,cfg173_Al3Ni_uniaxial_y_compression,Al3Ni,uniaxial,16,False,2.069804367465622,0.6406456801775207,-1.4291586872881012,0.08143507546939412,0.10308128376995737,0.1881996771785841
macemp0_small,cfg174_Al3Ni_uniaxial_z_expansion,Al3Ni,uniaxial,16,False,1.9906830773379625,2.0104436384862368,0.01976056114827429,0.07309109831975398,0.09441977007679456,0.1595729441377726
macemp0_small,cfg175_Al3Ni_uniaxial_z_compression,Al3Ni,uniaxial,16,False,2.1653052699548425,1.2411807324745894,-0.9241245374802531,0.0730680298008296,0.09974038389704351,0.20732834440180853
macemp0_small,cfg176_Al3Ni_biaxial_xy_compression,Al3Ni,biaxial,16,False,19.289981296878977,12.561883720253242,-6.728097576625736,0.08251168215560258,0.10443053284300385,0.18470626550982003
macemp0_small,cfg177_Al3Ni_biaxial_xz_expansion,Al3Ni,biaxial,16,False,15.11411799083362,15.581210512936039,0.46709252210241914,0.07657929382704594,0.09604978743733474,0.1606668963690281
macemp0_small,cfg178_Al3Ni_biaxial_xz_compression,Al3Ni,biaxial,16,False,17.730827604736987,12.240892792027225,-5.4899348127097625,0.072082735285523,0.09852887085579695,0.19779685013235976
macemp0_small,cfg179_Al3Ni_biaxial_yz_expansion,Al3Ni,biaxial,16,False,17.393224652550998,17.331505551961612,-0.06171910058938579,0.0628475638968322,0.08597970553513866,0.1421624366220342
macemp0_small,cfg180_Al3Ni_biaxial_yz_compression,Al3Ni,biaxial,16,False,20.44412283225938,14.832669024948508,-5.611453807310873,0.08727951500800475,0.11391631876015088,0.24178962503289697
macemp0_small,cfg181_Al3Ni_orthorhombic_xy_compression,Al3Ni,orthorhombic,16,False,4.89375934535019,1.9344514570622806,-2.95930788828791,0.06610757673607322,0.08907536425273031,0.1446776791904127
macemp0_small,cfg182_Al3Ni_orthorhombic_xz_expansion,Al3Ni,orthorhombic,16,False,6.846769958428922,4.540432279112494,-2.306337679316428,0.08057093460822769,0.10532721398637411,0.23716512831256717
macemp0_small,cfg183_Al3Ni_orthorhombic_xz_compression,Al3Ni,orthorhombic,16,False,7.27221670263134,2.3084235417778487,-4.963793160853491,0.0660958543416903,0.09101712175515127,0.16430075966612986
macemp0_small,cfg184_Al3Ni_orthorhombic_yz_expansion,Al3Ni,orthorhombic,16,False,4.873410266100109,3.1433174845680867,-1.7300927815320222,0.06726041200862075,0.0962277557103354,0.20474035576151833
macemp0_small,cfg185_Al3Ni_orthorhombic_yz_compression,Al3Ni,orthorhombic,16,False,4.490208195420564,1.7092478719220594,-2.7809603234985047,0.08531819933816263,0.1044876536163565,0.18621005639020344
macemp0_small,cfg189_Al3Ni_shear_rattle_xz_positive,Al3Ni,shear_rattle,16,False,7.175431135237886,4.2187342567778785,-2.956696878460008,0.08474859773307258,0.10706007290201101,0.22372137787042765
macemp0_small,cfg191_Al3Ni_shear_rattle_xz_negative,Al3Ni,shear_rattle,16,False,7.317794683331158,3.247071529780321,-4.070723153550837,0.09485663766557567,0.11861282036741205,0.25315845922014363
macemp0_small,cfg194_Al3Ni_shear_rattle_yz_negative,Al3Ni,shear_rattle,16,False,12.628109413299171,7.383257391052389,-5.244852022246782,0.09729675727885262,0.11927631954303086,0.2503082804532354
macemp0_small,cfg195_Al3Ni2_uniaxial_x_expansion,Al3Ni2,uniaxial,5,False,3.6901150644553127,4.853782029478282,1.1636669650229692,0.006841484852503493,0.010220327503647186,0.021409790310059323
macemp0_small,cfg198_Al3Ni2_uniaxial_y_compression,Al3Ni2,uniaxial,5,False,2.3424534920195583,0.9388925368369883,-1.40356095518257,0.007030777564729875,0.010916057756895053,0.02532640392209869
macemp0_small,cfg201_Al3Ni2_biaxial_xz_expansion,Al3Ni2,biaxial,5,False,17.11596012719383,19.552417092213403,2.4364569650195733,0.01283055047337082,0.025169994191446016,0.06563114593066245
macemp0_small,cfg202_Al3Ni2_biaxial_xz_compression,Al3Ni2,biaxial,5,False,20.122422139684204,13.982151336526982,-6.140270803157222,0.012948378925832197,0.020525798288949366,0.04877945589387957
macemp0_small,cfg203_Al3Ni2_biaxial_yz_expansion,Al3Ni2,biaxial,5,False,19.018455042532878,21.525152128639036,2.5066970861061577,0.013158024184117814,0.026167966843650293,0.06801024367481526
macemp0_small,cfg204_Al3Ni2_biaxial_yz_compression,Al3Ni2,biaxial,5,False,22.851514558351482,16.13076969213907,-6.720744866212414,0.014100683291220596,0.022425639403392508,0.05336341582306095
macemp0_small,cfg205_Al3Ni2_orthorhombic_xy_compression,Al3Ni2,orthorhombic,5,False,5.276336183669628,3.584120571252214,-1.6922156124174137,0.009111535428413448,0.013613474175565549,0.027428092949323593
macemp0_small,cfg206_Al3Ni2_orthorhombic_xz_expansion,Al3Ni2,orthorhombic,5,False,10.134077793554752,6.801358794623269,-3.332718998931483,0.00943060229994441,0.013941199449737176,0.0243464297552183
macemp0_small,cfg207_Al3Ni2_orthorhombic_xz_compression,Al3Ni2,orthorhombic,5,False,8.933400247769896,6.363709019628061,-2.569691228141835,0.017709123968683127,0.027778026632945412,0.05943324845839008
macemp0_small,cfg208_Al3Ni2_orthorhombic_yz_expansion,Al3Ni2,orthorhombic,5,False,6.4711001788964495,4.412424584678121,-2.058675594218329,0.007112428126073949,0.010360934152823287,0.018227996698782813
macemp0_small,cfg209_Al3Ni2_orthorhombic_yz_compression,Al3Ni2,orthorhombic,5,False,5.884884593979223,4.271842999073527,-1.6130415949056953,0.015151691307560722,0.023763240697674614,0.048967617279587206
macemp0_small,cfg214_Al3Ni2_shear_rattle_xz_positive,Al3Ni2,shear_rattle,5,False,5.231774076673901,3.310274453929196,-1.9214996227447045,0.03039816940748059,0.03511896626776473,0.07198833596271823
macemp0_small,cfg216_Al3Ni2_shear_rattle_xz_negative,Al3Ni2,shear_rattle,5,False,6.687314145528944,4.376503443324253,-2.310810702204691,0.02948628359193544,0.03721212940995415,0.09366790809966069
macemp0_small,cfg219_Al3Ni2_shear_rattle_yz_negative,Al3Ni2,shear_rattle,5,False,15.682022979672183,10.46673567881129,-5.2152873008608935,0.04186075429280775,0.05263099461158031,0.09633148478275322
macemp0_small,cfg220_Al3Ni2_volume_rattle_expansion,Al3Ni2,volume_rattle,5,False,95.70276066115184,102.75146008017231,7.0486994190204655,0.030629594413067097,0.044502769336023346,0.11964850665980262
macemp0_small,cfg222_Al3Ni5_uniaxial_x_compression,Al3Ni5,uniaxial,8,False,2.1457827133417595,1.0570404841292458,-1.0887422292125137,0.02239624071761388,0.050173326934737424,0.12860361352989735
macemp0_small,cfg223_Al3Ni5_uniaxial_y_expansion,Al3Ni5,uniaxial,8,False,2.1621061227961036,3.7026212265214298,1.5405151037253262,0.02290688349890375,0.05152677122306547,0.136527804220954
macemp0_small,cfg224_Al3Ni5_uniaxial_z_expansion,Al3Ni5,uniaxial,8,False,2.190166022046469,3.5442597371337925,1.3540937150873233,0.023387853522244668,0.05143321786315047,0.12674935439414226
macemp0_small,cfg227_Al3Ni5_biaxial_xy_compression,Al3Ni5,biaxial,8,False,24.292907501148875,19.568020931801655,-4.72488656934722,0.018851889661701742,0.04257174270645532,0.10430451395863831
macemp0_small,cfg228_Al3Ni5_biaxial_xz_expansion,Al3Ni5,biaxial,8,False,17.85442832397166,22.218411701440566,4.363983377468905,0.02260255331572229,0.04771912604407759,0.11585574520049507
macemp0_small,cfg229_Al3Ni5_biaxial_yz_expansion,Al3Ni5,biaxial,8,False,18.234640710943495,23.652019314371664,5.417378603428169,0.026977576493638272,0.06027986968399535,0.15457474782555009
macemp0_small,cfg230_Al3Ni5_biaxial_yz_compression,Al3Ni5,biaxial,8,False,22.276405330103444,16.751786701459714,-5.524618628643729,0.01255964538143217,0.028178341296180208,0.07228204541603298
macemp0_small,cfg231_Al3Ni5_orthorhombic_xy_expansion,Al3Ni5,orthorhombic,8,False,4.792749064563395,2.6555635995926252,-2.13718546497077,0.017617586715908323,0.03728523962146686,0.09093139607415096
macemp0_small,cfg232_Al3Ni5_orthorhombic_xy_compression,Al3Ni5,orthorhombic,8,False,4.190288540939946,3.4882460287217754,-0.7020425122181706,0.024907314563711952,0.057377320203073984,0.1536576404227306
macemp0_small,cfg233_Al3Ni5_orthorhombic_xz_expansion,Al3Ni5,orthorhombic,8,False,7.744447507775476,4.775371176632071,-2.9690763311434054,0.015921647034169154,0.03523188234267288,0.09284674768281656
macemp0_small,cfg234_Al3Ni5_orthorhombic_xz_compression,Al3Ni5,orthorhombic,8,False,6.589519156477763,4.945342208787729,-1.6441769476900348,0.0263236673195998,0.05947491956712336,0.14575011387991968
macemp0_small,cfg235_Al3Ni5_orthorhombic_yz_compression,Al3Ni5,orthorhombic,8,False,6.871058336400893,4.830351529810706,-2.0407068065901868,0.021677496328193515,0.04790816978094285,0.11992379932601702
macemp0_small,cfg241_Al3Ni5_shear_rattle_xz_negative,Al3Ni5,shear_rattle,8,False,6.359821908063168,4.928805294617256,-1.4310166134459124,0.03901226434812328,0.056856425665437936,0.1579821719085925
macemp0_small,cfg244_Al3Ni5_shear_rattle_yz_negative,Al3Ni5,shear_rattle,8,False,6.661926597189449,3.5937747977996537,-3.0681517993897955,0.04445367879690635,0.056541061149232894,0.11465068153818454
macemp0_small,cfg245_Al3Ni5_volume_rattle_expansion,Al3Ni5,volume_rattle,8,False,102.01621392707239,117.75920325543598,15.742989328363592,0.03229525963818067,0.05311835871770123,0.15702427509156597
macemp0_small,cfg247_AlNi3_uniaxial_x_expansion,AlNi3,uniaxial,4,False,2.8537292814689863,5.3337959432564475,2.480066661787461,2.1730574943008476e-06,2.8089067305744323e-06,4.814021062770572e-06
macemp0_small,cfg248_AlNi3_uniaxial_x_compression,AlNi3,uniaxial,4,False,1.797152733161056,0.06330391972753091,-1.733848813433525,2.55482518399567e-06,3.3021194847910335e-06,5.723760735963385e-06
macemp0_small,cfg249_AlNi3_uniaxial_y_expansion,AlNi3,uniaxial,4,False,1.5686769615967933,3.587322748398236,2.018645786801443,2.2106332309108875e-06,2.8644707855705725e-06,4.921326332587867e-06
macemp0_small,cfg250_AlNi3_uniaxial_z_expansion,AlNi3,uniaxial,4,False,1.5686770698266628,3.587322748417776,2.0186456785911133,2.2235814220367777e-06,2.8831342974754453e-06,4.967343377168748e-06
macemp0_small,cfg251_AlNi3_uniaxial_z_compression,AlNi3,uniaxial,4,False,1.7935734363163647,0.06088329824738281,-1.7326901380689819,2.525163401077435e-06,3.266590574022174e-06,5.636425272874043e-06
macemp0_small,cfg252_AlNi3_biaxial_xy_expansion,AlNi3,biaxial,4,False,8.191054362669092,12.836162868283374,4.645108505614282,2.0224692834039993e-06,2.604813659635801e-06,4.419508333736296e-06
macemp0_small,cfg253_AlNi3_biaxial_xy_compression,AlNi3,biaxial,4,False,22.185528354384587,15.516016929869814,-6.6695114245147735,3.0586020993114188e-06,3.965703308265178e-06,6.945411756754515e-06
macemp0_small,cfg254_AlNi3_biaxial_xz_expansion,AlNi3,biaxial,4,False,16.463968620428204,22.808955909254358,6.344987288826154,1.888996373501879e-06,2.4379925635980713e-06,4.144200077314288e-06
macemp0_small,cfg255_AlNi3_biaxial_xz_compression,AlNi3,biaxial,4,False,19.68208340167621,13.408788601329213,-6.273294800346996,3.003499348349115e-06,3.874314243890598e-06,6.725266667278497e-06
macemp0_small,cfg256_AlNi3_biaxial_yz_compression,AlNi3,biaxial,4,False,22.177995787387772,15.510826475047423,-6.667169312340349,3.0340426642639916e-06,3.931034591706021e-06,6.8362372470319975e-06
macemp0_small,cfg257_AlNi3_orthorhombic_xy_expansion,AlNi3,orthorhombic,4,False,2.336386819024483,1.7668999140383335,-0.5694869049861495,2.3752682151978944e-06,3.083228208657456e-06,5.339709468037742e-06
macemp0_small,cfg258_AlNi3_orthorhombic_xy_compression,AlNi3,orthorhombic,4,False,2.3458021560145426,1.7734120349954807,-0.5723901210190618,2.408241036868606e-06,3.1071981235487733e-06,5.339806302080696e-06
macemp0_small,cfg259_AlNi3_orthorhombic_xz_compression,AlNi3,orthorhombic,4,False,3.6956876874683076,2.6847989851042087,-1.010888702364099,2.404331309804608e-06,3.115630629851431e-06,5.383427166124818e-06
macemp0_small,cfg260_AlNi3_orthorhombic_yz_expansion,AlNi3,orthorhombic,4,False,2.3419065200869227,1.7707700349838262,-0.5711364851030964,2.379111066815981e-06,3.0720702486388787e-06,5.255954315384111e-06
macemp0_small,cfg261_AlNi3_orthorhombic_yz_compression,AlNi3,orthorhombic,4,False,2.3419060794367397,1.7707700349962607,-0.5711360444404789,2.3641865509898997e-06,3.0735609140187643e-06,5.337466093795727e-06
macemp0_small,cfg266_AlNi3_shear_rattle_xz_positive,AlNi3,shear_rattle,4,False,7.76414210713483,6.018027041448271,-1.7461150656865598,0.04359108628857222,0.0476706266115739,0.07642542429052973
macemp0_small,cfg269_AlNi3_shear_rattle_yz_positive,AlNi3,shear_rattle,4,False,4.392710021420498,3.4084833251908364,-0.984226696229662,0.024241116298094473,0.031324389498231624,0.06259385891861297
macemp0_small,cfg271_AlNi3_shear_rattle_yz_negative,AlNi3,shear_rattle,4,False,12.918730616092944,9.641658099717176,-3.2770725163757675,0.022396421497979737,0.02994699702303008,0.056853895543755056
macemp0_small,cfg272_AlNi3_volume_rattle_expansion,AlNi3,volume_rattle,4,False,108.3222515194393,124.00544688509463,15.683195365655322,0.02991958554755655,0.03535408192522996,0.061497330362016545
macemp0_small,cfg273_Al3Ni_shear_xy_negative,Al3Ni,shear_xy,16,False,3.9125175471781404,1.9601774499680147,-1.9523400972101257,0.07394035883365856,0.09783060892455082,0.18676319814893994
macemp0_small,cfg275_Al3Ni5_shear_yz_negative,Al3Ni5,shear_yz,8,False,0.8526529231858149,-0.9239524818385192,-1.776605405024334,0.023700327224370998,0.0467605520531451,0.11477149907263581
macemp0_small,cfg276_Al3Ni5_rattle_xxlarge,Al3Ni5,rattle,8,False,37.537689330747526,28.886805062930065,-8.65088426781746,0.09775810352218438,0.11309183543915154,0.23505285641333895
macemp0_small,cfg279_Al3Ni2_shear_xy_negative_sweep,Al3Ni2,shear_xy,5,False,7.390555041638436,4.979235191939324,-2.4113198496991117,0.01033230631216618,0.015187566826209205,0.03046749995034829
macemp0_small,cfg280_AlNi_shear_xy_positive,AlNi,shear_xy,2,False,3.736863185167749,2.879759137436544,-0.8571040477312053,9.051293835387239e-09,9.146090812422528e-09,1.070395629076959e-08
macemp0_small,cfg281_AlNi_shear_yz_positive,AlNi,shear_yz,2,False,3.736863181075023,2.879759137436544,-0.8571040436384791,9.051293594206465e-09,9.146090566381792e-09,1.0703956020152727e-08
macemp0_small,cfg282_AlNi_volume_rattle_iso_negative,AlNi,isotropic,2,False,109.21889255996575,99.07780959249823,-10.141082967467526,0.016756009368944186,0.024019935392206638,0.041058922812296283
macemp0_small,cfg283_Al3Ni_uniaxial_z_compression,Al3Ni,uniaxial_z,16,False,9.84547835560079,6.543308984159779,-3.3021693714410105,0.0744101940072139,0.10455343455925259,0.23506318296808815
macemp0_small,cfg284_Al3Ni_volume_rattle_compression,Al3Ni,isotropic,16,False,132.61015948410204,115.30314564923128,-17.30701383487076,0.0987483841344355,0.1257628202635674,0.2772425287755905
macemp0_small,cfg287_Al3Ni_iso_expansion,Al3Ni,iso_expansion,16,False,66.13093277405824,67.91475230610101,1.78381953204277,0.062241780479254695,0.08298309720523575,0.1455871324830379
macemp0_small,cfg288_Al3Ni_iso_expansion,Al3Ni,iso_expansion,16,False,82.33291941678544,83.84018378406566,1.5072643672802144,0.060900609205004674,0.0814817687953456,0.14122843765197388
macemp0_small,cfg289_Al3Ni_iso_expansion,Al3Ni,iso_expansion,16,False,99.98148701993159,101.18082929460215,1.1993422746705562,0.05953290900681755,0.07997736513898587,0.13795438690002246
macemp0_small,cfg290_Al3Ni_volume_rattle_expansion,Al3Ni,volume_rattle_expansion,16,False,40.85529341750771,42.75627064823073,1.9009772307230222,0.07481108350526296,0.09112941601189414,0.18199534852073793
macemp0_small,cfg292_Al3Ni_volume_rattle_expansion,Al3Ni,volume_rattle_expansion,16,False,67.42691811405166,68.26268549462,0.8357673805683419,0.06860809154101029,0.08840907408050627,0.1837522729011494
macemp0_small,cfg293_Al3Ni_volume_rattle_expansion,Al3Ni,volume_rattle_expansion,16,False,83.65178988265143,83.22704326029307,-0.4247466223583558,0.07190060161993343,0.09388316630797712,0.1980287946002015
macemp0_small,cfg294_Al3Ni_volume_rattle_expansion,Al3Ni,volume_rattle_expansion,16,False,101.56649535815632,103.44360674377828,1.8771113856219586,0.05855839429424612,0.07577542745342085,0.16180463123271077
mace_matpes_pbe_0,AlNi_iso_m02,AlNi,iso_m02,2,False,23.47600917391901,2.2483430422948203,-21.22766613162419,2.1193919221867686e-08,2.119391922186769e-08,2.119391949439997e-08
mace_matpes_pbe_0,AlNi_iso_p02,AlNi,iso_p02,2,False,20.132954608925502,32.11212191406787,11.979167305142369,7.628554171856526e-09,7.62855417185653e-09,7.628554364591533e-09
mace_matpes_pbe_0,AlNi_rattle_003,AlNi,rattle_003,2,False,15.26592649088343,15.199660056503639,-0.0662664343797914,0.0014699577814580589,0.0017018020631147173,0.002453528772199731
mace_matpes_pbe_0,AlNi_shear015_rattle002,AlNi,shear015_rattle002,2,True,5.778201306839037,5.672583158490951,-0.10561814834808558,0.0007335607926206531,0.0007572171124839226,0.0009987408023351685
mace_matpes_pbe_0,Al3Ni2_iso_m02,Al3Ni2,iso_m02,5,False,22.390723945136415,15.105992805165869,-7.284731139970546,0.007616963084916388,0.01846125446120579,0.0500795538731284
mace_matpes_pbe_0,Al3Ni2_iso_p02,Al3Ni2,iso_p02,5,False,19.349525261714007,22.831207870410708,3.481682608696701,0.01644822992289809,0.04498833399130851,0.12320676653689343
mace_matpes_pbe_0,Al3Ni2_rattle_003,Al3Ni2,rattle_003,5,False,6.209392895470955,4.243280463987986,-1.9661124314829692,0.020928543654687534,0.04179957117429438,0.11955766855414474
mace_matpes_pbe_0,Al3Ni2_shear015_rattle002,Al3Ni2,shear015_rattle002,5,True,6.6570473714818945,5.42148290746951,-1.2355644640123842,0.02245752514018072,0.03886299720899412,0.11149923463682876
mace_matpes_pbe_0,AlNi3_iso_m02,AlNi3,iso_m02,4,False,25.29804942332703,20.172944714731855,-5.125104708595174,3.8042614444989838e-06,4.90825159333932e-06,7.971446426770017e-06
mace_matpes_pbe_0,AlNi3_iso_p02,AlNi3,iso_p02,4,False,21.365358184993966,22.153392898720092,0.7880347137261268,2.361149589699943e-06,3.0468378313437517e-06,4.949167538341025e-06
mace_matpes_pbe_0,AlNi3_rattle_003,AlNi3,rattle_003,4,False,7.775584911541955,7.84487453495597,0.06928962341401501,0.0025448319481852252,0.002782202715525055,0.004355320686168396
mace_matpes_pbe_0,AlNi3_shear015_rattle002,AlNi3,shear015_rattle002,4,True,9.680041639512638,9.55682289255666,-0.12321874695597756,0.001839309594094427,0.002181171261864899,0.003615909254590044
mace_matpes_pbe_0,Al3Ni5_iso_m02,Al3Ni5,iso_m02,8,False,24.318813760601188,14.31846348773913,-10.000350272862057,0.005004226821786663,0.011418323961893942,0.02931148931212403
mace_matpes_pbe_0,Al3Ni5_iso_p02,Al3Ni5,iso_p02,8,False,20.503947813722334,24.469751296350317,3.965803482627983,0.005377150834309292,0.00938182816093101,0.01888293180301963
mace_matpes_pbe_0,Al3Ni5_rattle_003,Al3Ni5,rattle_003,8,False,7.042170087515842,6.819186302658764,-0.22298378485707815,0.00947314048049911,0.012050400699017786,0.02286772878857984
mace_matpes_pbe_0,Al3Ni5_shear015_rattle002,Al3Ni5,shear015_rattle002,8,True,7.1576824120711535,7.146327202776526,-0.011355209294627855,0.008183678298290423,0.012028986431923561,0.03137307015859714
mace_matpes_pbe_0,Al3Ni_iso_m02,Al3Ni,iso_m02,16,False,20.270440126068934,13.381809676849876,-6.8886304492190575,0.05360675081822885,0.07576334593168096,0.1847505823514924
mace_matpes_pbe_0,Al3Ni_iso_p02,Al3Ni,iso_p02,16,False,17.723327042858728,22.728770138845,5.005443095986273,0.049376310862068694,0.0629620519051784,0.13555078393008943
mace_matpes_pbe_0,Al3Ni_rattle_003,Al3Ni,rattle_003,16,False,7.839497648774341,7.334215627035512,-0.5052820217388287,0.05690769581616906,0.07121894410380225,0.17269003929737473
mace_matpes_pbe_0,Al3Ni_shear015_rattle002,Al3Ni,shear015_rattle002,16,True,4.067047446596916,3.664734666124936,-0.4023127804719806,0.05801066140764156,0.07115808262952755,0.16988282839369223
mace_matpes_pbe_0,AlNi_relaxed,AlNi,relaxed,2,False,0.0,0.0,0.0,3.5491507300363517e-09,3.5491507300363555e-09,3.5491509037255398e-09
mace_matpes_pbe_0,Al3Ni2_relaxed,Al3Ni2,relaxed,5,False,0.0,0.0,0.0,0.01251583403280656,0.03342265051103786,0.09150451154495881
mace_matpes_pbe_0,AlNi3_relaxed,AlNi3,relaxed,4,False,0.0,0.0,0.0,3.033468175741569e-06,3.917524579707898e-06,6.358061262053138e-06
mace_matpes_pbe_0,Al3Ni5_relaxed,Al3Ni5,relaxed,8,False,0.0,0.0,0.0,0.0053403116181954605,0.00945555172107004,0.020357331549793713
mace_matpes_pbe_0,Al3Ni_relaxed,Al3Ni,relaxed,16,False,0.0,0.0,0.0,0.053180022903892815,0.07025810781775675,0.1588113705000842
mace_matpes_pbe_0,cfg026_Al3Ni_iso_compression,Al3Ni,iso_compression,16,False,4.768912722738605,1.7195233868854132,-3.049389335853192,0.05372017299991413,0.07298378565560985,0.17123367562060518
mace_matpes_pbe_0,cfg027_Al3Ni_iso_expansion,Al3Ni,iso_expansion,16,False,4.462213569922824,7.309435377377049,2.8472218074542255,0.05159252319999914,0.06665686000304454,0.14728505061564187
mace_matpes_pbe_0,cfg045_Al3Ni5_iso_compression,Al3Ni5,iso_compression,8,False,5.708646137009055,1.8249081523959987,-3.883737984613056,0.005120572090797151,0.009870941507291281,0.02406030415887509
mace_matpes_pbe_0,cfg046_Al3Ni5_iso_expansion,Al3Ni5,iso_expansion,8,False,4.975187328909669,7.837091823374109,2.86190449446444,0.0053228078878047634,0.009238118926174954,0.017469996483220496
mace_matpes_pbe_0,cfg089_AlNi3_iso_compression,AlNi3,iso_compression,4,False,5.882517383724917,4.150569981925756,-1.731947401799161,3.431166703750858e-06,4.402758055714109e-06,7.114772901147177e-06
mace_matpes_pbe_0,cfg062_Al3Ni2_iso_compression,Al3Ni2,iso_compression,5,False,5.2700207012094324,2.360758096316573,-2.9092626048928594,0.01027855541124648,0.02620059049772816,0.07154698182536753
mace_matpes_pbe_0,cfg028_Al3Ni_iso_compression,Al3Ni,iso_compression,16,False,47.08923208818305,35.920718577926,-11.16851351025705,0.054102561624251345,0.0804944344766715,0.2002746011711595
mace_matpes_pbe_0,cfg029_Al3Ni_iso_expansion,Al3Ni,iso_expansion,16,False,38.42214492919993,45.385026199537215,6.962881270337284,0.046015385579345314,0.0589077183522904,0.1218838463629852
mace_matpes_pbe_0,cfg047_Al3Ni5_iso_compression,Al3Ni5,iso_compression,8,False,56.177652815222245,38.72206769319497,-17.455585122027273,0.0058991153767074716,0.013883180622026812,0.035768026803081686
mace_matpes_pbe_0,cfg048_Al3Ni5_iso_expansion,Al3Ni5,iso_expansion,8,False,44.56866904183698,49.11246613689091,4.543797095053925,0.0060009985902931,0.01078029706667222,0.024095059769168398
mace_matpes_pbe_0,cfg090_AlNi3_iso_expansion,AlNi3,iso_expansion,4,False,5.178149561743339,6.386790545267473,1.208640983524134,2.704983750769208e-06,3.479691848019184e-06,5.6588442094822875e-06
mace_matpes_pbe_0,cfg063_Al3Ni2_iso_expansion,Al3Ni2,iso_expansion,5,False,4.795395678229397,7.095829688576316,2.300434010346919,0.014584467484745626,0.039913525430070144,0.10930894609376839
mace_matpes_pbe_0,cfg030_Al3Ni_uniaxial_x_compression,Al3Ni,uniaxial_x_compression,16,False,2.057833223034322,-0.29099617083172546,-2.3488293938660476,0.05321990801941493,0.07227807063322879,0.1676368887013039
mace_matpes_pbe_0,cfg031_Al3Ni_uniaxial_y_expansion,Al3Ni,uniaxial_y_expansion,16,False,1.9854253571338631,3.452804010425581,1.4673786532917177,0.05257708716231391,0.07012578218012502,0.16527536551033
mace_matpes_pbe_0,cfg049_Al3Ni5_uniaxial_y_compression,Al3Ni5,uniaxial_y_compression,8,False,2.576223850610404,0.23471446286560393,-2.3415093877448,0.004852166629241918,0.009060510638581052,0.022026352781246344
mace_matpes_pbe_0,cfg050_Al3Ni5_orthorhombic_yz,Al3Ni5,orthorhombic_yz,8,False,3.9743068432471773,4.263750259021926,0.2894434157747483,0.005366528651817297,0.009916033895225303,0.02098360066530778
mace_matpes_pbe_0,cfg091_AlNi3_iso_compression,AlNi3,iso_compression,4,False,58.53290467712213,49.53782650031879,-8.99507817680334,4.269681462960338e-06,5.4896391158834135e-06,8.92284418888196e-06
mace_matpes_pbe_0,cfg064_Al3Ni2_iso_compression,Al3Ni2,iso_compression,5,False,51.84856370688067,39.31463751783326,-12.533926189047406,0.0046174298920587335,0.010226021560174063,0.02696778969413126
mace_matpes_pbe_0,cfg032_Al3Ni_orthorhombic_xy,Al3Ni,orthorhombic_xy,16,False,2.8124843950081413,2.3107994089404116,-0.5016849860677297,0.05355007681592425,0.06799302975838281,0.14087797037358915
mace_matpes_pbe_0,cfg033_Al3Ni_shear_xy_negative,Al3Ni,shear_xy_negative,16,False,0.2232750289294927,0.277988881848934,0.05471385291944131,0.05323928999321075,0.0702077439760461,0.16045773416436654
mace_matpes_pbe_0,cfg051_Al3Ni5_shear_xy_negative,Al3Ni5,shear_xy_negative,8,False,0.13447355240714387,0.3889441273630112,0.25447057495586733,0.005771478443042738,0.009506596280195694,0.020206496277809318
mace_matpes_pbe_0,cfg052_Al3Ni5_shear_yz_positive,Al3Ni5,shear_yz_positive,8,False,-0.08844204376146081,1.1167449763611614,1.2051870201226222,0.005469174098746255,0.009752570267585635,0.02159181143717318
mace_matpes_pbe_0,cfg065_Al3Ni2_iso_expansion,Al3Ni2,iso_expansion,5,False,42.03704606406973,46.453269757329,4.416223693259269,0.017770035840331863,0.04844923992881801,0.13268363646104075
mace_matpes_pbe_0,cfg066_Al3Ni2_uniaxial_z_expansion,Al3Ni2,uniaxial_z_expansion,5,False,2.3452380526578054,4.7781108719291865,2.432872819271381,0.01433891966307244,0.03869033192625335,0.10594817462169666
mace_matpes_pbe_0,cfg076_AlNi_iso_compression,AlNi,iso_compression,2,False,5.517094900824304,-3.5756640658792804,-9.092758966703585,1.747425345115904e-08,1.7474253451159056e-08,1.747425408538117e-08
mace_matpes_pbe_0,cfg077_AlNi_iso_expansion,AlNi,iso_expansion,2,False,4.949331853822514,12.122913892373077,7.173582038550563,1.846090435901615e-09,1.846090435901622e-09,1.8460906553441347e-09
mace_matpes_pbe_0,cfg034_Al3Ni_shear_xz_positive,Al3Ni,shear_xz_positive,16,False,0.2613010117329395,0.3175130938970483,0.05621208216410878,0.05451535694322324,0.07023373628106305,0.15845274501860335
mace_matpes_pbe_0,cfg035_Al3Ni_rattle_small,Al3Ni,rattle_small,16,False,0.8616131133294402,1.3405623123468047,0.47894919901736444,0.052119030930826614,0.06758008197098797,0.16297923465757463
mace_matpes_pbe_0,cfg053_Al3Ni5_rattle_small,Al3Ni5,rattle_small,8,False,0.5640199865410978,0.7614556213040302,0.19743563476293247,0.006909561999494107,0.00999176873998169,0.02191126557011011
mace_matpes_pbe_0,cfg054_Al3Ni5_rattle_large,Al3Ni5,rattle_large,8,False,19.676200746289396,19.378675861816852,-0.2975248844725442,0.014746267238053348,0.019763703418041286,0.05146344488804866
mace_matpes_pbe_0,cfg067_Al3Ni2_shear_xy_negative,Al3Ni2,shear_xy_negative,5,False,0.19933001167373732,0.3368042649128711,0.13747425323913376,0.013311797934542657,0.03332749268578116,0.09107044176302136
mace_matpes_pbe_0,cfg068_Al3Ni2_rattle_small,Al3Ni2,rattle_small,5,False,1.3790063225314952,1.5864998317880463,0.20749350925655108,0.01630195591200319,0.03301122029516999,0.09089937420913455
mace_matpes_pbe_0,cfg078_AlNi_iso_compression,AlNi,iso_compression,2,False,54.30790941500163,18.57922990248717,-35.72867951251446,4.0448360150346106e-08,4.0448360150346106e-08,4.044836034167165e-08
mace_matpes_pbe_0,cfg079_AlNi_iso_expansion,AlNi,iso_expansion,2,False,43.75173541438926,59.377420520559276,15.625685106170017,7.72846805027876e-09,7.72846805027876e-09,7.728468122414345e-09
mace_matpes_pbe_0,cfg036_Al3Ni_rattle_large,Al3Ni,rattle_large,16,False,14.700612154683768,13.983728500707393,-0.7168836539763745,0.05993406815593988,0.07081305139460992,0.1410862514449802
mace_matpes_pbe_0,cfg037_Al3Ni_volume_rattle_compression,Al3Ni,volume_rattle_compression,16,False,38.5481726625585,29.08868087464267,-9.45949178791583,0.057589524406298366,0.08179605654236767,0.2288320750733563
mace_matpes_pbe_0,cfg055_Al3Ni5_volume_rattle_compression,Al3Ni5,volume_rattle_compression,8,False,45.15304202459447,31.632189284315437,-13.520852740279032,0.011445319118107545,0.015444913860706368,0.03406909933059277
mace_matpes_pbe_0,cfg092_AlNi3_iso_expansion,AlNi3,iso_expansion,4,False,46.31222702755622,46.29511260414887,-0.017114423407349477,2.089671321981628e-06,2.693425170959625e-06,4.324298535923624e-06
mace_matpes_pbe_0,cfg093_AlNi3_uniaxial_y_compression,AlNi3,uniaxial_y_compression,4,False,1.7935735240826034,1.1567160655587827,-0.6368574585238207,3.219369541502766e-06,4.1538177270286665e-06,6.731087460859627e-06
mace_matpes_pbe_0,cfg069_Al3Ni2_rattle_large,Al3Ni2,rattle_large,5,False,14.472709966867114,13.283306494036395,-1.189403472830719,0.02604734278309447,0.03963083826575411,0.11172129112826085
mace_matpes_pbe_0,cfg070_Al3Ni2_volume_rattle_compression,Al3Ni2,volume_rattle_compression,5,False,38.804692932535545,28.87042680875851,-9.934266123777036,0.014135048264699905,0.018885064665845212,0.042029227674415734
mace_matpes_pbe_0,cfg038_Al3Ni_shear_rattle_yz,Al3Ni,shear_rattle_yz,16,False,6.6315737424247345,6.403319688794262,-0.22825405363047224,0.05497622275766733,0.069966854949395,0.16167174255245112
mace_matpes_pbe_0,cfg039_Al3Ni_biaxial_xy_expansion,Al3Ni,biaxial_xy_expansion,16,False,3.3018284843819856,6.220075679806314,2.9182471954243283,0.05185453447491737,0.06820118905644751,0.15925526246920366
mace_matpes_pbe_0,cfg056_Al3Ni5_uniaxial_x_expansion,Al3Ni5,uniaxial_x_expansion,8,False,2.76736243358755,3.7673377018565546,0.9999752682690044,0.0047625237554492815,0.008404701741557339,0.017901172134750183
mace_matpes_pbe_0,cfg094_AlNi3_shear_xy_negative,AlNi3,shear_xy_negative,4,False,0.17978527876039152,0.4310624150019038,0.25127713624151227,3.0522962864406166e-06,3.910126210416887e-06,6.346510387462501e-06
mace_matpes_pbe_0,cfg095_AlNi3_rattle_small,AlNi3,rattle_small,4,False,1.257035234630166,1.535255569374172,0.278220334744006,0.0008037491845210141,0.0009701739092306055,0.002018697583548973
mace_matpes_pbe_0,cfg071_Al3Ni2_orthorhombic_xy,Al3Ni2,orthorhombic_xy,5,False,3.7615190205542604,3.554595541076111,-0.20692347947814937,0.0146605434942407,0.033348528485001,0.08975125279323326
mace_matpes_pbe_0,cfg072_Al3Ni2_shear_rattle_yz_positive,Al3Ni2,shear_rattle_yz_positive,5,False,8.56936299278459,9.432279146296452,0.8629161535118612,0.01723611452363645,0.027140468412875103,0.07561964801585885
mace_matpes_pbe_0,cfg040_Al3Ni_rattle_medium,Al3Ni,rattle_medium,16,False,7.351563499014446,7.103385658616013,-0.2481778403984336,0.0541439387236568,0.06992590906713517,0.17684931878200436
mace_matpes_pbe_0,cfg041_Al3Ni_uniaxial_z_compression,Al3Ni,uniaxial_z_compression,16,True,4.875081683167082,3.489219774974295,-1.385861908192787,0.05467890167012066,0.07519444925123696,0.18498414750636732
mace_matpes_pbe_0,cfg057_Al3Ni5_shear_rattle_xz_positive,Al3Ni5,shear_rattle_xz_positive,8,False,9.268449131923262,9.481586745827997,0.21313761390473474,0.008442035070029918,0.010857017338355418,0.027780209644182097
mace_matpes_pbe_0,cfg096_AlNi3_rattle_large,AlNi3,rattle_large,4,False,9.867058705822274,10.160599714531315,0.29354100870904176,0.0023433920161353766,0.0029000992923936693,0.006499470489185005
mace_matpes_pbe_0,cfg097_AlNi3_orthorhombic_xz,AlNi3,orthorhombic_xz,4,False,1.477281604820746,1.5912232137083038,0.11394160888755778,3.0672909189438024e-06,3.955101786699129e-06,6.41642900319671e-06
mace_matpes_pbe_0,cfg073_Al3Ni2_biaxial_xy_compression,Al3Ni2,biaxial_xy_compression,5,True,9.294556419627042,7.040381230859083,-2.2541751887679595,0.009806021903144373,0.026407848734171478,0.07231326950641649
mace_matpes_pbe_0,cfg080_AlNi_uniaxial_x_expansion,AlNi,uniaxial_x_expansion,2,False,1.5216991041597794,5.314783880407958,3.793084776248179,5.9334057739395445e-09,6.809289255710106e-09,8.295726355855848e-09
mace_matpes_pbe_0,cfg081_AlNi_shear_xy_negative,AlNi,shear_xy_negative,2,False,0.231058732879319,0.39954011672893586,0.16848138384961686,1.1460247499356542e-08,1.1901202458856338e-08,1.5979221918305947e-08
mace_matpes_pbe_0,cfg082_AlNi_rattle_small,AlNi,rattle_small,2,False,1.5387227390419866,1.7388404891489628,0.2001177501069762,0.00037925707440431,0.0004322938901560916,0.0006617414475771355
mace_matpes_pbe_0,cfg042_Al3Ni_shear_xz_negative,Al3Ni,shear_xz_negative,16,True,1.1267291429248871,1.0269590612450585,-0.09977008167982859,0.05544988131693746,0.07019886183041577,0.15788029072028253
mace_matpes_pbe_0,cfg043_Al3Ni_volume_rattle_expansion,Al3Ni,volume_rattle_expansion,16,True,53.3830582110113,60.9319062538658,7.548848042854495,0.045281404042081426,0.05695823302996034,0.12333492368301376
mace_matpes_pbe_0,cfg058_Al3Ni5_biaxial_xz_compression,Al3Ni5,biaxial_xz_compression,8,True,8.133062711749517,4.4893228393165785,-3.6437398724329384,0.005711772109929133,0.011019982372377907,0.025770455789002583
mace_matpes_pbe_0,cfg098_AlNi3_volume_rattle_compression,AlNi3,volume_rattle_compression,4,False,41.797118823524215,35.01233069358989,-6.784788129934327,0.0015627274533480465,0.001978958748632051,0.0038039816160242157
mace_matpes_pbe_0,cfg099_AlNi3_biaxial_yz_expansion,AlNi3,biaxial_yz_expansion,4,True,8.194970941076463,9.392003615023015,1.197032673946552,2.6201056122205955e-06,3.378658622376408e-06,5.488115473232104e-06
mace_matpes_pbe_0,cfg074_Al3Ni2_shear_xz_negative,Al3Ni2,shear_xz_negative,5,True,1.6846902730321744,1.6328004942707253,-0.05188977876144918,0.016540463272267953,0.03450314485861842,0.0918440307880583
mace_matpes_pbe_0,cfg083_AlNi_rattle_large,AlNi,rattle_large,2,False,15.206317639695044,15.346096558026545,0.13977891833150125,0.0016346451759373288,0.0017456061634747381,0.0024970838028350317
mace_matpes_pbe_0,cfg084_AlNi_volume_rattle_compression,AlNi,volume_rattle_compression,2,False,42.11617575356286,14.016406768377898,-28.09976898518496,0.002758860663032233,0.0034570526544626494,0.005671691360490394
mace_matpes_pbe_0,cfg085_AlNi_orthorhombic_yz,AlNi,orthorhombic_yz,2,False,1.480019180689851,1.0498329139938534,-0.4301862666959977,1.6025118166913127e-08,1.7346369112393997e-08,2.483695791220819e-08
mace_matpes_pbe_0,cfg044_Al3Ni_shear_rattle_xy_negative,Al3Ni,shear_rattle_xy_negative,16,True,17.271767166676,15.204531930368859,-2.067235236307141,0.06091433209507108,0.07496851497933191,0.1781863661342286
mace_matpes_pbe_0,cfg059_Al3Ni5_shear_yz_negative,Al3Ni5,shear_yz_negative,8,True,0.5225535187491914,-1.603887974603424,-2.1264414933526155,0.004996892909114357,0.008711669641466748,0.017091054952076794
mace_matpes_pbe_0,cfg060_Al3Ni5_volume_rattle_expansion,Al3Ni5,volume_rattle_expansion,8,True,62.01211814095586,66.65601211832595,4.643893977370084,0.008861359841224265,0.012528089904247171,0.02912193634000148
mace_matpes_pbe_0,cfg061_Al3Ni5_rattle_xlarge,Al3Ni5,rattle_xlarge,8,True,26.60392860207139,26.551746657551334,-0.052181944520057755,0.014689148302930591,0.018802004598492354,0.045150359951082186
mace_matpes_pbe_0,cfg100_AlNi3_shear_rattle_xz_negative,AlNi3,shear_rattle_xz_negative,4,True,7.112080263595999,7.2007485433216445,0.0886682797256455,0.0018929330960720306,0.0020702465286295416,0.003810907304819075
mace_matpes_pbe_0,cfg075_Al3Ni2_volume_rattle_expansion,Al3Ni2,volume_rattle_expansion,5,True,59.37633097892103,63.94526212874893,4.568931149827897,0.02061277711222349,0.04873753809248458,0.13597043939340958
mace_matpes_pbe_0,cfg086_AlNi_shear_rattle_xz_positive,AlNi,shear_rattle_xz_positive,2,False,8.240881884375995,8.293247200658271,0.05236531628227681,0.0007879381755095637,0.0010516074908681439,0.0017631534572148388
mace_matpes_pbe_0,cfg087_AlNi_biaxial_xz_compression,AlNi,biaxial_xz_compression,2,True,8.897683097529807,-2.701174635438619,-11.598857732968426,2.2118634282504202e-08,2.3665675798132614e-08,2.8069694332777395e-08
mace_matpes_pbe_0,cfg088_AlNi_shear_rattle_yz_negative,AlNi,shear_rattle_yz_negative,2,True,4.560079820748797,4.570156272247772,0.010076451498974848,0.0005039779115605589,0.0005180404328041248,0.0006185069330258142
mace_matpes_pbe_0,cfg101_Al3Ni_iso_compression,Al3Ni,iso_compression,16,False,86.76732214507865,70.33444384108466,-16.432878303993988,0.05564833699550439,0.08727144589918961,0.21982939269154153
mace_matpes_pbe_0,cfg102_Al3Ni_iso_compression,Al3Ni,iso_compression,16,False,20.1459351712856,13.381929616754995,-6.7640055545306055,0.053604734827404736,0.07576058065977162,0.18474358077042832
mace_matpes_pbe_0,cfg103_Al3Ni_iso_expansion,Al3Ni,iso_expansion,16,False,17.598759964812416,22.728693487826135,5.129933523013719,0.04937232566462044,0.06295664553227359,0.13553053490829509
mace_matpes_pbe_0,cfg104_Al3Ni_volume_rattle_compression,Al3Ni,volume_rattle_compression,16,False,23.18586446995141,16.266508400257784,-6.919356069693627,0.05624716781218055,0.0761258006595804,0.1988708856618812
mace_matpes_pbe_0,cfg105_Al3Ni_volume_rattle_expansion,Al3Ni,volume_rattle_expansion,16,False,20.797195059913065,25.754014153156035,4.95681909324297,0.04978594545356751,0.06259504799481838,0.1542638712107629
mace_matpes_pbe_0,cfg106_Al3Ni_rattle_020,Al3Ni,rattle_020,16,False,3.792976310251106,3.713248567624561,-0.07972774262654525,0.05453829864453517,0.07211508497216498,0.16763396162064534
mace_matpes_pbe_0,cfg107_Al3Ni_volume_rattle_compression,Al3Ni,volume_rattle_compression,16,False,90.33652668176728,74.27629822541348,-16.060228456353798,0.059067246577111106,0.08520060367423132,0.2080929826002885
mace_matpes_pbe_0,cfg108_Al3Ni_rattle_030,Al3Ni,rattle_030,16,False,7.821449245057011,9.617471205766392,1.796021960709382,0.05150849845616782,0.06379902429149786,0.1457915109902589
mace_matpes_pbe_0,cfg111_Al3Ni_iso_expansion,Al3Ni,iso_expansion,16,False,85.74967009326429,94.98847455036064,9.23880445709635,0.03854685799050189,0.05093874747111436,0.10282795851739537
mace_matpes_pbe_0,cfg112_Al3Ni_volume_rattle_expansion,Al3Ni,volume_rattle_expansion,16,False,86.62471580373676,96.0734415519422,9.448725748205433,0.03800529627025722,0.05014446487237452,0.10792726450119719
mace_matpes_pbe_0,cfg113_Al3Ni_iso_expansion,Al3Ni,iso_expansion,16,False,122.95074318285515,133.48317263140697,10.532429448551824,0.033959568598082836,0.045947800382158406,0.09859343932431627
mace_matpes_pbe_0,cfg114_Al3Ni_volume_rattle_expansion,Al3Ni,volume_rattle_expansion,16,False,124.80328512015149,134.81109179373084,10.007806673579353,0.03673685575150554,0.0483835448358333,0.10741129447783843
mace_matpes_pbe_0,cfg115_Al3Ni_iso_expansion,Al3Ni,iso_expansion,16,False,111.22990396893329,121.37739437041972,10.147490401486436,0.03532548434047797,0.04739674446996345,0.09974214072754338
mace_matpes_pbe_0,cfg117_Al3Ni2_biaxial_xy_compression,Al3Ni2,biaxial_xy_compression,5,False,21.653801723732613,17.581894382408336,-4.071907341324277,0.008664600605602387,0.022746627225395485,0.06223927321145793
mace_matpes_pbe_0,cfg118_AlNi3_volume_rattle_compression,AlNi3,volume_rattle_compression,4,False,29.850395078938163,24.958280039550473,-4.89211503938769,0.0021098779232205014,0.0030807349037681,0.007107245285997155
mace_matpes_pbe_0,cfg119_AlNi3_volume_rattle_compression,AlNi3,volume_rattle_compression,4,False,88.32638231388046,76.8680015696228,-11.458380744257653,0.002717931484813587,0.003717576331614171,0.007830611377449781
mace_matpes_pbe_0,cfg121_Al3Ni5_uniaxial_x_expansion,Al3Ni5,uniaxial_x_expansion,8,False,5.109471625928563,6.2633669597893515,1.1538953338607882,0.004581253566897207,0.00806417290810582,0.017002948289320252
mace_matpes_pbe_0,cfg123_Al3Ni_biaxial_xy_expansion,Al3Ni,biaxial_xy_expansion,16,False,7.4319898092198855,11.564032392335832,4.132042583115947,0.05097755594457707,0.06701951706343937,0.1593323834289661
mace_matpes_pbe_0,cfg125_AlNi_biaxial_xz_compression,AlNi,biaxial_xz_compression,2,False,20.63363168417709,1.4962796097295339,-19.137352074447556,1.6343848304573548e-08,1.6776991750627352e-08,1.9022101040155892e-08
mace_matpes_pbe_0,cfg127_Al3Ni2_shear_rattle_yz_positive,Al3Ni2,shear_rattle_yz_positive,5,False,7.563403302629013,6.530171640723381,-1.0332316619056314,0.027224918006186087,0.040242148714602466,0.10502406780312663
mace_matpes_pbe_0,cfg129_Al3Ni5_shear_rattle_xz_positive,Al3Ni5,shear_rattle_xz_positive,8,False,9.0318519446555,9.155681695800055,0.12382975114455519,0.010041084674981963,0.013014438011049427,0.0297147779608129
mace_matpes_pbe_0,cfg131_AlNi_shear_rattle_xz_positive,AlNi,shear_rattle_xz_positive,2,False,6.040164796104364,5.953682781981939,-0.08648201412242429,0.00041751598977269114,0.0005159582204746437,0.0008050085692129227
mace_matpes_pbe_0,cfg133_AlNi_shear_rattle_yz_negative,AlNi,shear_rattle_yz_negative,2,False,9.329609289125074,8.724340523881047,-0.605268765244027,0.00013774809534991667,0.00015233360717865132,0.00022950389061454635
mace_matpes_pbe_0,cfg135_AlNi3_shear_rattle_xz_negative,AlNi3,shear_rattle_xz_negative,4,False,15.770567480103637,15.756247962199765,-0.014319517903871315,0.0022941532578122075,0.00275383402375318,0.0052380125645650755
mace_matpes_pbe_0,cfg137_Al3Ni2_orthorhombic_xy,Al3Ni2,orthorhombic_xy,5,False,8.829022714780876,8.132380391806038,-0.6966423229748386,0.015677897806850173,0.03321210431927908,0.08767498444000318
mace_matpes_pbe_0,cfg139_AlNi_orthorhombic_yz,AlNi,orthorhombic_yz,2,False,3.3975490423472365,2.384615418389302,-1.0129336239579345,8.843444175504379e-09,1.0378760509376194e-08,1.552501964485753e-08
mace_matpes_pbe_0,cfg141_AlNi3_orthorhombic_xz,AlNi3,orthorhombic_xz,4,False,3.6841677451775467,3.599723984041958,-0.0844437611355886,3.044143796182642e-06,3.92884397099995e-06,6.366542939748715e-06
mace_matpes_pbe_0,cfg143_Al3Ni5_biaxial_xz_compression,Al3Ni5,biaxial_xz_compression,8,False,18.911559014668455,12.518955693407108,-6.392603321261348,0.006097606388448497,0.012703588186237104,0.030517680496371644
mace_matpes_pbe_0,cfg145_AlNi3_biaxial_yz_expansion,AlNi3,biaxial_yz_expansion,4,False,18.431862580200686,19.48119674889348,1.0493341686927948,2.4061385238032047e-06,3.1104929242187444e-06,5.042677766835734e-06
mace_matpes_pbe_0,cfg146_AlNi_uniaxial_x_compression,AlNi,uniaxial,2,False,1.8178929562964186,-2.56509861715859,-4.3829915734550084,1.2909826827564932e-08,1.3842462720573604e-08,1.9973840630072015e-08
mace_matpes_pbe_0,cfg147_AlNi_uniaxial_y_expansion,AlNi,uniaxial,2,False,1.521698878150346,5.314783880406182,3.793085002255836,5.933404647128227e-09,6.809288211026245e-09,8.295725190121672e-09
mace_matpes_pbe_0,cfg148_AlNi_uniaxial_y_compression,AlNi,uniaxial,2,False,1.81789301268509,-2.56509861715859,-4.38299162984368,1.2909826724963267e-08,1.3842462529922676e-08,1.9973840165166123e-08
mace_matpes_pbe_0,cfg149_AlNi_uniaxial_z_expansion,AlNi,uniaxial,2,False,1.5216990213957615,5.31478388040707,3.7930848590113087,5.933404957679869e-09,6.8092891426691965e-09,8.295727133011965e-09
mace_matpes_pbe_0,cfg150_AlNi_uniaxial_z_compression,AlNi,uniaxial,2,False,1.817892666622356,-2.565098617159478,-4.382991283781834,1.2909826650767698e-08,1.3842462525303547e-08,1.9973840331699577e-08
mace_matpes_pbe_0,cfg152_AlNi_biaxial_xy_compression,AlNi,biaxial,2,False,20.633631711007183,1.4962796097286457,-19.137352101278537,1.6343848203489764e-08,1.6776991651316766e-08,1.9022101037120126e-08
mace_matpes_pbe_0,cfg153_AlNi_biaxial_xz_expansion,AlNi,biaxial,2,False,15.66224852376763,26.083852136035368,10.421603612267738,1.300971453200954e-08,1.365397758374296e-08,1.594045108063713e-08
mace_matpes_pbe_0,cfg154_AlNi_biaxial_yz_expansion,AlNi,biaxial,2,False,17.51567792643982,28.353459558283944,10.837781631844123,3.421096033307154e-09,4.280054145565483e-09,7.0583932310075426e-09
mace_matpes_pbe_0,cfg155_AlNi_biaxial_yz_compression,AlNi,biaxial,2,False,20.63363178194777,1.4962796097295339,-19.137352172218236,1.6343848012814743e-08,1.67769915062788e-08,1.9022100842397416e-08
mace_matpes_pbe_0,cfg156_AlNi_orthorhombic_xy_expansion,AlNi,orthorhombic,2,False,2.241778379811876,1.5650176373602775,-0.6767607424515987,8.802381971863456e-09,8.910814541405907e-09,1.0500966427136327e-08
mace_matpes_pbe_0,cfg157_AlNi_orthorhombic_xy_compression,AlNi,orthorhombic,2,False,2.241778302050079,1.5650176373611657,-0.6767606646889135,8.80238193406094e-09,8.910814519669764e-09,1.050096644882037e-08
mace_matpes_pbe_0,cfg158_AlNi_orthorhombic_xz_expansion,AlNi,orthorhombic,2,False,3.397549060082383,2.384615418389302,-1.0129336416930812,8.843444487682326e-09,1.037876087031343e-08,1.552502019422277e-08
mace_matpes_pbe_0,cfg159_AlNi_orthorhombic_xz_compression,AlNi,orthorhombic,2,False,3.3975491119235812,2.38461541839019,-1.012933693533391,8.843444135117848e-09,1.0378759744251937e-08,1.5525017296041943e-08
mace_matpes_pbe_0,cfg160_AlNi_orthorhombic_yz_compression,AlNi,orthorhombic,2,False,2.2417782120101037,1.5650176373593894,-0.6767605746507144,8.802381721593455e-09,8.910814336625534e-09,1.0500966341701196e-08
mace_matpes_pbe_0,cfg166_AlNi_shear_rattle_xz_negative,AlNi,shear_rattle,2,False,8.451076053006545,8.311779468659353,-0.13929658434719272,0.0005595632611418282,0.0007522266977864919,0.001270086363927947
mace_matpes_pbe_0,cfg170_AlNi_volume_rattle_expansion,AlNi,volume_rattle,2,False,99.97008189429835,118.79579386544404,18.825711971145694,0.00032520987828491693,0.0003914379407453022,0.000539595770335563
mace_matpes_pbe_0,cfg172_Al3Ni_uniaxial_x_expansion,Al3Ni,uniaxial,16,False,3.2183521791466774,5.467939592309179,2.2495874131625015,0.05197943296605797,0.06715281344902248,0.14999274072487376
mace_matpes_pbe_0,cfg173_Al3Ni_uniaxial_y_compression,Al3Ni,uniaxial,16,False,2.069804367465622,0.18659213862814994,-1.883212228837472,0.053859438154695405,0.06981912693893672,0.14995065358950077
mace_matpes_pbe_0,cfg174_Al3Ni_uniaxial_z_expansion,Al3Ni,uniaxial,16,False,1.9906830773379625,2.508487765879863,0.5178046885419008,0.052876737756092466,0.06803736695416945,0.14098258447072418
mace_matpes_pbe_0,cfg175_Al3Ni_uniaxial_z_compression,Al3Ni,uniaxial,16,False,2.1653052699548425,1.4031937963894237,-0.7621114735654189,0.054180818651434814,0.07349438833121322,0.1766093584038421
mace_matpes_pbe_0,cfg176_Al3Ni_biaxial_xy_compression,Al3Ni,biaxial,16,False,19.289981296878977,11.568903306039324,-7.721077990839653,0.053551462761766234,0.07249616800527396,0.16123196902590434
mace_matpes_pbe_0,cfg177_Al3Ni_biaxial_xz_expansion,Al3Ni,biaxial,16,False,15.11411799083362,18.47953034881389,3.3654123579802686,0.05062483443671952,0.06285324099854633,0.11655085123654584
mace_matpes_pbe_0,cfg178_Al3Ni_biaxial_xz_compression,Al3Ni,biaxial,16,False,17.730827604736987,11.420569655911983,-6.310257948825004,0.056179499177382825,0.07997668204032747,0.20004458800384967
mace_matpes_pbe_0,cfg179_Al3Ni_biaxial_yz_expansion,Al3Ni,biaxial,16,False,17.393224652550998,20.101157182962126,2.707932530411128,0.04940159808412412,0.06529388309379196,0.13923359954231665
mace_matpes_pbe_0,cfg180_Al3Ni_biaxial_yz_compression,Al3Ni,biaxial,16,False,20.44412283225938,14.242688253540692,-6.20143457871869,0.05328605119462071,0.07350930706089287,0.178914068261866
mace_matpes_pbe_0,cfg181_Al3Ni_orthorhombic_xy_compression,Al3Ni,orthorhombic,16,False,4.89375934535019,2.753002899346768,-2.1407564460034223,0.05330172995805634,0.07291633105835343,0.17650020008253015
mace_matpes_pbe_0,cfg182_Al3Ni_orthorhombic_xz_expansion,Al3Ni,orthorhombic,16,False,6.846769958428922,7.751590197328184,0.9048202388992621,0.05218461473618874,0.07171652403016497,0.17940757433992016
mace_matpes_pbe_0,cfg183_Al3Ni_orthorhombic_xz_compression,Al3Ni,orthorhombic,16,False,7.27221670263134,3.430087809192628,-3.842128893438712,0.051740493538431166,0.06884584500016126,0.14394289278170752
mace_matpes_pbe_0,cfg184_Al3Ni_orthorhombic_yz_expansion,Al3Ni,orthorhombic,16,False,4.873410266100109,5.22959010426316,0.356179838163051,0.054868266956586,0.07497790233952849,0.1857579143748963
mace_matpes_pbe_0,cfg185_Al3Ni_orthorhombic_yz_compression,Al3Ni,orthorhombic,16,False,4.490208195420564,2.3759259718953984,-2.1142822235251657,0.05472602073294919,0.06856229177083946,0.12330949975163044
mace_matpes_pbe_0,cfg189_Al3Ni_shear_rattle_xz_positive,Al3Ni,shear_rattle,16,False,7.175431135237886,5.607354478597948,-1.5680766566399384,0.05634146289267312,0.07351186107643022,0.18154945991425087
mace_matpes_pbe_0,cfg191_Al3Ni_shear_rattle_xz_negative,Al3Ni,shear_rattle,16,False,7.317794683331158,5.4744783907239025,-1.8433162926072555,0.06030300432826685,0.07501781667998053,0.17221273538530785
mace_matpes_pbe_0,cfg194_Al3Ni_shear_rattle_yz_negative,Al3Ni,shear_rattle,16,False,12.628109413299171,10.620943569241703,-2.007165844057468,0.06020525913836735,0.0700490935843951,0.13046630723006689
mace_matpes_pbe_0,cfg195_Al3Ni2_uniaxial_x_expansion,Al3Ni2,uniaxial,5,False,3.6901150644553127,4.47442335201842,0.7843082875631069,0.015060569388209492,0.036228800566776874,0.09866016470119934
mace_matpes_pbe_0,cfg198_Al3Ni2_uniaxial_y_compression,Al3Ni2,uniaxial,5,False,2.3424534920195583,1.594225874069366,-0.7482276179501923,0.01259646891316544,0.030599529605141843,0.08334812253761151
mace_matpes_pbe_0,cfg201_Al3Ni2_biaxial_xz_expansion,Al3Ni2,biaxial,5,False,17.11596012719383,21.07585528580387,3.9598951586100384,0.018569442546948305,0.04497220853808911,0.12250515585820053
mace_matpes_pbe_0,cfg202_Al3Ni2_biaxial_xz_compression,Al3Ni2,biaxial,5,False,20.122422139684204,13.072889316295289,-7.049532823388915,0.010494812059942587,0.019886459211447226,0.051119725602856284
mace_matpes_pbe_0,cfg203_Al3Ni2_biaxial_yz_expansion,Al3Ni2,biaxial,5,False,19.018455042532878,23.107626432393857,4.089171389860979,0.018656748551056597,0.04548926111378125,0.12401674804799183
mace_matpes_pbe_0,cfg204_Al3Ni2_biaxial_yz_compression,Al3Ni2,biaxial,5,False,22.851514558351482,15.239339136245178,-7.612175422106304,0.010697713926933649,0.019363198052151812,0.04921991878441126
mace_matpes_pbe_0,cfg205_Al3Ni2_orthorhombic_xy_compression,Al3Ni2,orthorhombic,5,False,5.276336183669628,4.8969414933097255,-0.37939469035990214,0.015381973553542148,0.03299837154521604,0.08804468396313475
mace_matpes_pbe_0,cfg206_Al3Ni2_orthorhombic_xz_expansion,Al3Ni2,orthorhombic,5,False,10.134077793554752,6.916835851891534,-3.217241941663218,0.013062592552121787,0.027875745730266334,0.07458767396075816
mace_matpes_pbe_0,cfg207_Al3Ni2_orthorhombic_xz_compression,Al3Ni2,orthorhombic,5,False,8.933400247769896,11.320419480182409,2.387019232412513,0.01631736889841461,0.03876599531785655,0.10549960771897286
mace_matpes_pbe_0,cfg208_Al3Ni2_orthorhombic_yz_expansion,Al3Ni2,orthorhombic,5,False,6.4711001788964495,4.046735602940288,-2.4243645759561616,0.01321773676413628,0.028965752726395365,0.07808984370760041
mace_matpes_pbe_0,cfg209_Al3Ni2_orthorhombic_yz_compression,Al3Ni2,orthorhombic,5,False,5.884884593979223,7.996969217018091,2.112084623038868,0.015520772899672911,0.03752771923010994,0.10224666451026591
mace_matpes_pbe_0,cfg214_Al3Ni2_shear_rattle_xz_positive,Al3Ni2,shear_rattle,5,False,5.231774076673901,5.280779070398012,0.049004993724111046,0.01962558422861366,0.033843883670168204,0.08822465283798223
mace_matpes_pbe_0,cfg216_Al3Ni2_shear_rattle_xz_negative,Al3Ni2,shear_rattle,5,False,6.687314145528944,7.018879530841815,0.33156538531287083,0.017101595979049387,0.031649286220218,0.09724441977590112
mace_matpes_pbe_0,cfg219_Al3Ni2_shear_rattle_yz_negative,Al3Ni2,shear_rattle,5,False,15.682022979672183,14.717566282638472,-0.964456697033711,0.028412073766314553,0.03910985222995081,0.09431044930656785
mace_matpes_pbe_0,cfg220_Al3Ni2_volume_rattle_expansion,Al3Ni2,volume_rattle,5,False,95.70276066115184,100.97703131469018,5.274270653538338,0.020301179783881858,0.04897069461901354,0.13437872959477265
mace_matpes_pbe_0,cfg222_Al3Ni5_uniaxial_x_compression,Al3Ni5,uniaxial,8,False,2.1457827133417595,1.3320171903359324,-0.8137655230058272,0.0061736943684165616,0.011019418294322136,0.024198612660904277
mace_matpes_pbe_0,cfg223_Al3Ni5_uniaxial_y_expansion,Al3Ni5,uniaxial,8,False,2.1621061227961036,4.34502041560858,2.1829142928124767,0.005698857906864765,0.010004226471409791,0.019052754415983995
mace_matpes_pbe_0,cfg224_Al3Ni5_uniaxial_z_expansion,Al3Ni5,uniaxial,8,False,2.190166022046469,4.06519869472266,1.8750326726761912,0.005639704742873147,0.009846706783098236,0.020181290177202483
mace_matpes_pbe_0,cfg227_Al3Ni5_biaxial_xy_compression,Al3Ni5,biaxial,8,False,24.292907501148875,16.083746499014673,-8.209161002134202,0.0061289347237081,0.012945849304390444,0.03335785851887782
mace_matpes_pbe_0,cfg228_Al3Ni5_biaxial_xz_expansion,Al3Ni5,biaxial,8,False,17.85442832397166,20.806853097449896,2.952424773478235,0.004922458727307514,0.008678180306450206,0.01772885559250558
mace_matpes_pbe_0,cfg229_Al3Ni5_biaxial_yz_expansion,Al3Ni5,biaxial,8,False,18.234640710943495,23.14440809763685,4.909767386693353,0.006647538084367064,0.011668866602496655,0.024292789857589488
mace_matpes_pbe_0,cfg230_Al3Ni5_biaxial_yz_compression,Al3Ni5,biaxial,8,False,22.276405330103444,11.525165315068087,-10.751240015035357,0.0037525256231354252,0.00890967644946332,0.0229578742148923
mace_matpes_pbe_0,cfg231_Al3Ni5_orthorhombic_xy_expansion,Al3Ni5,orthorhombic,8,False,4.792749064563395,2.754966358226696,-2.0377827063366993,0.004289319934731434,0.008216979950292105,0.02095708800046231
mace_matpes_pbe_0,cfg232_Al3Ni5_orthorhombic_xy_compression,Al3Ni5,orthorhombic,8,False,4.190288540939946,5.819468875476019,1.6291803345360734,0.0068995683877656365,0.01211582967121111,0.023330778809958402
mace_matpes_pbe_0,cfg233_Al3Ni5_orthorhombic_xz_expansion,Al3Ni5,orthorhombic,8,False,7.744447507775476,5.606437357819516,-2.13801014995596,0.00397865072869679,0.008139479067054475,0.01991773202962177
mace_matpes_pbe_0,cfg234_Al3Ni5_orthorhombic_xz_compression,Al3Ni5,orthorhombic,8,False,6.589519156477763,7.9232737524517205,1.3337545959739572,0.007203985025121648,0.012585772372281553,0.025876678323513327
mace_matpes_pbe_0,cfg235_Al3Ni5_orthorhombic_yz_compression,Al3Ni5,orthorhombic,8,False,6.871058336400893,6.225112325442872,-0.6459460109580206,0.0052782881222258595,0.009794703664190689,0.023242624105740697
mace_matpes_pbe_0,cfg241_Al3Ni5_shear_rattle_xz_negative,Al3Ni5,shear_rattle,8,False,6.359821908063168,6.52729858495249,0.1674766768893221,0.01009193244748328,0.012953453049594445,0.030286572631266218
mace_matpes_pbe_0,cfg244_Al3Ni5_shear_rattle_yz_negative,Al3Ni5,shear_rattle,8,False,6.661926597189449,2.1713689640758815,-4.490557633113568,0.009352325253249928,0.011935225851031931,0.023470502474085372
mace_matpes_pbe_0,cfg245_Al3Ni5_volume_rattle_expansion,Al3Ni5,volume_rattle,8,False,102.01621392707239,105.51860439206618,3.5023904649937947,0.009938293762072737,0.013583397438405264,0.033821239902590464
mace_matpes_pbe_0,cfg247_AlNi3_uniaxial_x_expansion,AlNi3,uniaxial,4,False,2.8537292814689863,3.793989864711911,0.9402605832429245,2.8166079876894485e-06,3.632314150324111e-06,5.89890750063893e-06
mace_matpes_pbe_0,cfg248_AlNi3_uniaxial_x_compression,AlNi3,uniaxial,4,False,1.797152733161056,1.1599148223293554,-0.6372379108317006,3.2176092299611175e-06,4.145570851542733e-06,6.731140612243583e-06
mace_matpes_pbe_0,cfg249_AlNi3_uniaxial_y_expansion,AlNi3,uniaxial,4,False,1.5686769615967933,2.4096683028806964,0.8409913412839032,2.8445559138440636e-06,3.682871841051734e-06,5.998527971607737e-06
mace_matpes_pbe_0,cfg250_AlNi3_uniaxial_z_expansion,AlNi3,uniaxial,4,False,1.5686770698266628,2.4096683028957955,0.8409912330691327,2.8492395256601363e-06,3.6789712660627457e-06,5.989149421952865e-06
mace_matpes_pbe_0,cfg251_AlNi3_uniaxial_z_compression,AlNi3,uniaxial,4,False,1.7935734363163647,1.1567160655383546,-0.6368573707780101,3.207682949389026e-06,4.143920494138784e-06,6.712763325166936e-06
mace_matpes_pbe_0,cfg252_AlNi3_biaxial_xy_expansion,AlNi3,biaxial,4,False,8.191054362669092,9.388479441852837,1.1974250791837449,2.6426257428397213e-06,3.403693060007678e-06,5.526964326279962e-06
mace_matpes_pbe_0,cfg253_AlNi3_biaxial_xy_compression,AlNi3,biaxial,4,False,22.185528354384587,17.892294716620682,-4.293233637763905,3.7367055844196566e-06,4.815161696726496e-06,7.8142535720629e-06
mace_matpes_pbe_0,cfg254_AlNi3_biaxial_xz_expansion,AlNi3,biaxial,4,False,16.463968620428204,17.564230713884577,1.1002620934563723,2.468449057796436e-06,3.1710401073467593e-06,5.130496086015989e-06
mace_matpes_pbe_0,cfg255_AlNi3_biaxial_xz_compression,AlNi3,biaxial,4,False,19.68208340167621,15.745915097548746,-3.936168304127463,3.701006884443501e-06,4.768578940982512e-06,7.761926134183241e-06
mace_matpes_pbe_0,cfg256_AlNi3_biaxial_yz_compression,AlNi3,biaxial,4,False,22.177995787387772,17.885263285513986,-4.292732501873786,3.751972414795787e-06,4.844757862426017e-06,7.87443006246047e-06
mace_matpes_pbe_0,cfg257_AlNi3_orthorhombic_xy_expansion,AlNi3,orthorhombic,4,False,2.336386819024483,2.3693027165743175,0.03291589754983448,3.0410479011210467e-06,3.92785760373244e-06,6.390409236235067e-06
mace_matpes_pbe_0,cfg258_AlNi3_orthorhombic_xy_compression,AlNi3,orthorhombic,4,False,2.3458021560145426,2.377931697869151,0.03212954185460859,3.0512083806154753e-06,3.933531534969692e-06,6.390524312571005e-06
mace_matpes_pbe_0,cfg259_AlNi3_orthorhombic_xz_compression,AlNi3,orthorhombic,4,False,3.6956876874683076,3.6103821915585144,-0.0853054959097932,3.0208333300980076e-06,3.894380547932745e-06,6.315976181834216e-06
mace_matpes_pbe_0,cfg260_AlNi3_orthorhombic_yz_expansion,AlNi3,orthorhombic,4,False,2.3419065200869227,2.3745025754058346,0.032596055318911965,3.048946742023311e-06,3.9432703410621755e-06,6.399923531488186e-06
mace_matpes_pbe_0,cfg261_AlNi3_orthorhombic_yz_compression,AlNi3,orthorhombic,4,False,2.3419060794367397,2.374502575397841,0.03259649596110137,2.9974850611120506e-06,3.86930944705792e-06,6.294644606600144e-06
mace_matpes_pbe_0,cfg266_AlNi3_shear_rattle_xz_positive,AlNi3,shear_rattle,4,False,7.76414210713483,7.809838647782286,0.04569654064745521,0.0017824535690529897,0.001993386008518,0.003077019135243414
mace_matpes_pbe_0,cfg269_AlNi3_shear_rattle_yz_positive,AlNi3,shear_rattle,4,False,4.392710021420498,4.481393966422331,0.08868394500183285,0.0012453184965425074,0.0013956593260982478,0.0021488236409152317
mace_matpes_pbe_0,cfg271_AlNi3_shear_rattle_yz_negative,AlNi3,shear_rattle,4,False,12.918730616092944,12.431416722460398,-0.48731389363254607,0.002090495815517057,0.0029229696437955005,0.006437766770519923
mace_matpes_pbe_0,cfg272_AlNi3_volume_rattle_expansion,AlNi3,volume_rattle,4,False,108.3222515194393,104.68997339636843,-3.6322781230708756,0.002935973814859093,0.003513333757675575,0.006381636933820267
mace_matpes_pbe_0,cfg273_Al3Ni_shear_xy_negative,Al3Ni,shear_xy,16,False,3.9125175471781404,3.2136677203089548,-0.6988498268691856,0.05419765816181978,0.07029390094947192,0.1617603090387581
mace_matpes_pbe_0,cfg275_Al3Ni5_shear_yz_negative,Al3Ni5,shear_yz,8,False,0.8526529231858149,-1.779528437039879,-2.632181360225694,0.005009909295722938,0.008711224341968802,0.01659573590479462
mace_matpes_pbe_0,cfg276_Al3Ni5_rattle_xxlarge,Al3Ni5,rattle,8,False,37.537689330747526,36.3797116573652,-1.1579776733823266,0.019784942287729465,0.024728445744319316,0.05837002657528567
mace_matpes_pbe_0,cfg279_Al3Ni2_shear_xy_negative_sweep,Al3Ni2,shear_xy,5,False,7.390555041638436,6.8334201683107665,-0.5571348733276693,0.015938050205491196,0.033362810302254194,0.0884847766573937
mace_matpes_pbe_0,cfg280_AlNi_shear_xy_positive,AlNi,shear_xy,2,False,3.736863185167749,3.5926910914909627,-0.14417209367678652,1.0669722032618489e-08,1.0778786607975576e-08,1.2620787220862795e-08
mace_matpes_pbe_0,cfg281_AlNi_shear_yz_positive,AlNi,shear_yz,2,False,3.736863181075023,3.5926910914909627,-0.14417208958406036,1.0669722078118839e-08,1.0778786656437893e-08,1.2620787092493257e-08
mace_matpes_pbe_0,cfg282_AlNi_volume_rattle_iso_negative,AlNi,isotropic,2,False,109.21889255996575,55.706549042275455,-53.5123435176903,0.0061100350957941476,0.0087135008852438,0.014881536909393756
mace_matpes_pbe_0,cfg283_Al3Ni_uniaxial_z_compression,Al3Ni,uniaxial_z,16,False,9.84547835560079,7.487936752255564,-2.3575416033452257,0.05506414754188268,0.07746387097021493,0.195435139862291
mace_matpes_pbe_0,cfg284_Al3Ni_volume_rattle_compression,Al3Ni,isotropic,16,False,132.61015948410204,110.57768698958714,-22.032472494514906,0.06455742013848634,0.09628451325764907,0.26068978088030026
mace_matpes_pbe_0,cfg287_Al3Ni_iso_expansion,Al3Ni,iso_expansion,16,False,66.13093277405824,74.56994169740305,8.439008923344815,0.04143283281935844,0.054049503578303244,0.1069063210037264
mace_matpes_pbe_0,cfg288_Al3Ni_iso_expansion,Al3Ni,iso_expansion,16,False,82.33291941678544,91.44042611342852,9.107506696643071,0.03902356768732284,0.05145907877705526,0.10323253809718047
mace_matpes_pbe_0,cfg289_Al3Ni_iso_expansion,Al3Ni,iso_expansion,16,False,99.98148701993159,109.74144190982571,9.759954889894118,0.036681480732723565,0.04888841405958583,0.10106269351963458
mace_matpes_pbe_0,cfg290_Al3Ni_volume_rattle_expansion,Al3Ni,volume_rattle_expansion,16,False,40.85529341750771,47.63691070895337,6.781617291445663,0.046415844185457744,0.058280997389007536,0.12367818269661826
mace_matpes_pbe_0,cfg292_Al3Ni_volume_rattle_expansion,Al3Ni,volume_rattle_expansion,16,False,67.42691811405166,76.29510005277939,8.86818193872773,0.0427013846930547,0.05389418827603507,0.111997941041275
mace_matpes_pbe_0,cfg293_Al3Ni_volume_rattle_expansion,Al3Ni,volume_rattle_expansion,16,False,83.65178988265143,92.07247659850992,8.420686715858494,0.042349503289277675,0.053339169961824875,0.1094507968723421
mace_matpes_pbe_0,cfg294_Al3Ni_volume_rattle_expansion,Al3Ni,volume_rattle_expansion,16,False,101.56649535815632,111.6210672241813,10.054571866024986,0.03539775651612157,0.04681597569564501,0.10132209423572586
al3ni_combined227_lora_v1,AlNi_iso_m02,AlNi,iso_m02,2,False,23.47600917391901,21.758596139989095,-1.7174130339299154,2.149187938228249e-08,2.149187938228249e-08,2.1491879581558848e-08
al3ni_combined227_lora_v1,AlNi_iso_p02,AlNi,iso_p02,2,False,20.132954608925502,17.941537367732963,-2.1914172411925392,7.610892633717429e-09,7.61089263371743e-09,7.610892827428217e-09
al3ni_combined227_lora_v1,AlNi_rattle_003,AlNi,rattle_003,2,False,15.26592649088343,15.292740649329062,0.02681415844563162,0.000780718864137731,0.0008355652881084857,0.0010457778299667875
al3ni_combined227_lora_v1,AlNi_shear015_rattle002,AlNi,shear015_rattle002,2,True,5.778201306839037,5.721030604490807,-0.05717070234823041,0.0002976323735107145,0.00036304100903974577,0.00048206893687235963
al3ni_combined227_lora_v1,Al3Ni2_iso_m02,Al3Ni2,iso_m02,5,False,22.390723945136415,23.353552955086343,0.9628290099499281,0.0001676442111845363,0.0003731151865415537,0.001011736393753293
al3ni_combined227_lora_v1,Al3Ni2_iso_p02,Al3Ni2,iso_p02,5,False,19.349525261714007,19.522343308562995,0.17281804684898816,0.0006071279986483421,0.0013170715469057685,0.003457393233715897
al3ni_combined227_lora_v1,Al3Ni2_rattle_003,Al3Ni2,rattle_003,5,False,6.209392895470955,6.184142950223759,-0.025249945247196592,0.001393240389347942,0.0016931612709233117,0.0034525265731967236
al3ni_combined227_lora_v1,Al3Ni2_shear015_rattle002,Al3Ni2,shear015_rattle002,5,True,6.6570473714818945,6.608038760532509,-0.04900861094938591,0.001220520347090957,0.00151925201957449,0.0033205186109326323
al3ni_combined227_lora_v1,AlNi3_iso_m02,AlNi3,iso_m02,4,False,25.29804942332703,24.767374319708324,-0.5306751036187052,3.7757105867126675e-06,4.872378906203616e-06,7.968335165100713e-06
al3ni_combined227_lora_v1,AlNi3_iso_p02,AlNi3,iso_p02,4,False,21.365358184993966,21.649682370934897,0.2843241859409318,2.3788869111547032e-06,3.0701152493314696e-06,5.008975544303173e-06
al3ni_combined227_lora_v1,AlNi3_rattle_003,AlNi3,rattle_003,4,False,7.775584911541955,7.770969363264157,-0.004615548277797643,0.00024288855896318143,0.0003015501128798747,0.000594431569758358
al3ni_combined227_lora_v1,AlNi3_shear015_rattle002,AlNi3,shear015_rattle002,4,True,9.680041639512638,9.659280362939171,-0.020761276573466603,0.0005138230530744008,0.0005959303687245236,0.0010454547924203667
al3ni_combined227_lora_v1,Al3Ni5_iso_m02,Al3Ni5,iso_m02,8,False,24.318813760601188,24.403934636666236,0.08512087606504792,0.00036229116665045395,0.0006757507722925777,0.001630929423282926
al3ni_combined227_lora_v1,Al3Ni5_iso_p02,Al3Ni5,iso_p02,8,False,20.503947813722334,18.803481521445065,-1.7004662922772695,0.0004395122344906667,0.0008334055377476258,0.0020018982959745663
al3ni_combined227_lora_v1,Al3Ni5_rattle_003,Al3Ni5,rattle_003,8,False,7.042170087515842,7.011954596237047,-0.030215491278795525,0.0029977216046330733,0.004000832036647572,0.009471614278880167
al3ni_combined227_lora_v1,Al3Ni5_shear015_rattle002,Al3Ni5,shear015_rattle002,8,True,7.1576824120711535,7.260782810590172,0.1031003985190182,0.0025511535996840724,0.003151088500612377,0.006063324473530751
al3ni_combined227_lora_v1,Al3Ni_iso_m02,Al3Ni,iso_m02,16,False,20.270440126068934,21.638314653955604,1.36787452788667,0.0010411800027159582,0.0012743919894820611,0.002496330223821258
al3ni_combined227_lora_v1,Al3Ni_iso_p02,Al3Ni,iso_p02,16,False,17.723327042858728,18.336022950961706,0.6126959081029781,0.0010398605597646065,0.0017059370234302803,0.004357073824223852
al3ni_combined227_lora_v1,Al3Ni_rattle_003,Al3Ni,rattle_003,16,False,7.839497648774341,7.914741798003888,0.07524414922954747,0.006564478355597124,0.008081660331516841,0.02379392060703918
al3ni_combined227_lora_v1,Al3Ni_shear015_rattle002,Al3Ni,shear015_rattle002,16,True,4.067047446596916,3.9313954050612665,-0.13565204153564991,0.004813280028446409,0.006402812943941545,0.016929742393013925
al3ni_combined227_lora_v1,AlNi_relaxed,AlNi,relaxed,2,False,0.0,0.0,0.0,3.56652161037814e-09,3.5665216103781453e-09,3.5665218196291593e-09
al3ni_combined227_lora_v1,Al3Ni2_relaxed,Al3Ni2,relaxed,5,False,0.0,0.0,0.0,7.631003535681182e-05,0.00014536601419434719,0.0003819357009082758
al3ni_combined227_lora_v1,AlNi3_relaxed,AlNi3,relaxed,4,False,0.0,0.0,0.0,3.0032279697253728e-06,3.878928679677637e-06,6.323092292308534e-06
al3ni_combined227_lora_v1,Al3Ni5_relaxed,Al3Ni5,relaxed,8,False,0.0,0.0,0.0,7.25006761817041e-05,0.00013360900909543518,0.0003204103206909277
al3ni_combined227_lora_v1,Al3Ni_relaxed,Al3Ni,relaxed,16,False,0.0,0.0,0.0,0.0005576769503428104,0.0007760146347771162,0.0014588856281884217
al3ni_combined227_lora_v1,cfg026_Al3Ni_iso_compression,Al3Ni,iso_compression,16,False,4.768912722738605,5.315429412803496,0.546516690064891,0.0007687870606034351,0.001174298998148198,0.002648421035517483
al3ni_combined227_lora_v1,cfg027_Al3Ni_iso_expansion,Al3Ni,iso_expansion,16,False,4.462213569922824,4.686493766485,0.22428019656217657,0.0011938512305771788,0.0017753768600733632,0.0046566579338382375
al3ni_combined227_lora_v1,cfg045_Al3Ni5_iso_compression,Al3Ni5,iso_compression,8,False,5.708646137009055,6.284886482262664,0.5762403452536091,0.0002477695601577014,0.0005541085909956211,0.0013996060495613174
al3ni_combined227_lora_v1,cfg046_Al3Ni5_iso_expansion,Al3Ni5,iso_expansion,8,False,4.975187328909669,4.453714678220422,-0.5214726506892475,0.00015512437629311735,0.0002874182992150012,0.0006796249594313124
al3ni_combined227_lora_v1,cfg089_AlNi3_iso_compression,AlNi3,iso_compression,4,False,5.882517383724917,5.9697695660361205,0.0872521823112038,3.393324882248394e-06,4.3548480188676045e-06,7.0770436556606025e-06
al3ni_combined227_lora_v1,cfg062_Al3Ni2_iso_compression,Al3Ni2,iso_compression,5,False,5.2700207012094324,5.831353421672247,0.5613327204628149,0.0003222722908803917,0.0006157480752193193,0.001424190597858338
al3ni_combined227_lora_v1,cfg028_Al3Ni_iso_compression,Al3Ni,iso_compression,16,False,47.08923208818305,50.09755873584254,3.008326647659487,0.0013053562002056176,0.0017451080745619788,0.003593667647531794
al3ni_combined227_lora_v1,cfg029_Al3Ni_iso_expansion,Al3Ni,iso_expansion,16,False,38.42214492919993,39.87546981693413,1.4533248877341975,0.0007169597707124782,0.0010197486892005463,0.002771661266831392
al3ni_combined227_lora_v1,cfg047_Al3Ni5_iso_compression,Al3Ni5,iso_compression,8,False,56.177652815222245,55.77303165136982,-0.4046211638524255,0.00022628322076254475,0.0003972757231525257,0.0008503447376162765
al3ni_combined227_lora_v1,cfg048_Al3Ni5_iso_expansion,Al3Ni5,iso_expansion,8,False,44.56866904183698,42.308423547638085,-2.260245494198898,0.0004503345937087344,0.0008427370859092611,0.002016323286521321
al3ni_combined227_lora_v1,cfg090_AlNi3_iso_expansion,AlNi3,iso_expansion,4,False,5.178149561743339,5.569491534970439,0.3913419732270995,2.7015426119084085e-06,3.4755849669275253e-06,5.670097694127871e-06
al3ni_combined227_lora_v1,cfg063_Al3Ni2_iso_expansion,Al3Ni2,iso_expansion,5,False,4.795395678229397,4.854457611145335,0.05906193291593809,0.0003552204663072688,0.0007331152675160296,0.0018769755721460071
al3ni_combined227_lora_v1,cfg030_Al3Ni_uniaxial_x_compression,Al3Ni,uniaxial_x_compression,16,False,2.057833223034322,1.6653842458254076,-0.3924489772089146,0.0012493489612829644,0.0017205634185556865,0.003135296537150011
al3ni_combined227_lora_v1,cfg031_Al3Ni_uniaxial_y_expansion,Al3Ni,uniaxial_y_expansion,16,False,1.9854253571338631,2.3508271410719317,0.36540178393806855,0.0014229411544149223,0.0016699942803227595,0.002971784996963829
al3ni_combined227_lora_v1,cfg049_Al3Ni5_uniaxial_y_compression,Al3Ni5,uniaxial_y_compression,8,False,2.576223850610404,2.7777739137491153,0.20155006313871127,0.00020650788317956145,0.0003768475100433777,0.0008425535589786474
al3ni_combined227_lora_v1,cfg050_Al3Ni5_orthorhombic_yz,Al3Ni5,orthorhombic_yz,8,False,3.9743068432471773,4.465914073080057,0.49160722983287997,0.000382059526476015,0.0006826199598411733,0.0016293517688611148
al3ni_combined227_lora_v1,cfg091_AlNi3_iso_compression,AlNi3,iso_compression,4,False,58.53290467712213,58.02920709402315,-0.5036975830989832,4.250656588787933e-06,5.466649143826754e-06,8.961319251691257e-06
al3ni_combined227_lora_v1,cfg064_Al3Ni2_iso_compression,Al3Ni2,iso_compression,5,False,51.84856370688067,53.6497696506558,1.8012059437751304,0.0008340503212820294,0.001642087262773528,0.003893516321687565
al3ni_combined227_lora_v1,cfg032_Al3Ni_orthorhombic_xy,Al3Ni,orthorhombic_xy,16,False,2.8124843950081413,2.0717614675049845,-0.7407229275031568,0.0018931870474231261,0.002629714764965447,0.006701368833931555
al3ni_combined227_lora_v1,cfg033_Al3Ni_shear_xy_negative,Al3Ni,shear_xy_negative,16,False,0.2232750289294927,0.2826989036748273,0.059423874745334615,0.00102599178992352,0.00130374183413899,0.002977988994016842
al3ni_combined227_lora_v1,cfg051_Al3Ni5_shear_xy_negative,Al3Ni5,shear_xy_negative,8,False,0.13447355240714387,0.4145210032220348,0.2800474508148909,0.0003494976382411258,0.0006187868970636553,0.0014698236030705747
al3ni_combined227_lora_v1,cfg052_Al3Ni5_shear_yz_positive,Al3Ni5,shear_yz_positive,8,False,-0.08844204376146081,0.6101657486397016,0.6986077924011624,0.00016864575185300011,0.00030118580335075455,0.0006706516444843526
al3ni_combined227_lora_v1,cfg065_Al3Ni2_iso_expansion,Al3Ni2,iso_expansion,5,False,42.03704606406973,43.22358627214271,1.1865402080729837,0.000522764314492465,0.001120539327103002,0.002921573849891279
al3ni_combined227_lora_v1,cfg066_Al3Ni2_uniaxial_z_expansion,Al3Ni2,uniaxial_z_expansion,5,False,2.3452380526578054,3.212066054402385,0.8668280017445795,0.00015899921293356762,0.000344626159682062,0.0009248372277711851
al3ni_combined227_lora_v1,cfg076_AlNi_iso_compression,AlNi,iso_compression,2,False,5.517094900824304,5.550031727580063,0.032936826755758375,1.7639461077926268e-08,1.7639461077926288e-08,1.7639461794005662e-08
al3ni_combined227_lora_v1,cfg077_AlNi_iso_expansion,AlNi,iso_expansion,2,False,4.949331853822514,4.3434320009509975,-0.6058998528715165,1.8474801336841016e-09,1.847480133684111e-09,1.8474803076262702e-09
al3ni_combined227_lora_v1,cfg034_Al3Ni_shear_xz_positive,Al3Ni,shear_xz_positive,16,False,0.2613010117329395,0.3471997026736062,0.08589869094066671,0.0015276645555654927,0.0018836916793779008,0.00421370623858852
al3ni_combined227_lora_v1,cfg035_Al3Ni_rattle_small,Al3Ni,rattle_small,16,False,0.8616131133294402,0.990738905784383,0.1291257924549427,0.0022027355475046357,0.002823608825756146,0.007348903726358061
al3ni_combined227_lora_v1,cfg053_Al3Ni5_rattle_small,Al3Ni5,rattle_small,8,False,0.5640199865410978,0.8143118902808055,0.2502919037397078,0.0008756777218751851,0.0011152873946492338,0.002099889403463305
al3ni_combined227_lora_v1,cfg054_Al3Ni5_rattle_large,Al3Ni5,rattle_large,8,False,19.676200746289396,19.911416754894162,0.2352160086047661,0.004375800366995572,0.004906350506899047,0.008392176996096679
al3ni_combined227_lora_v1,cfg067_Al3Ni2_shear_xy_negative,Al3Ni2,shear_xy_negative,5,False,0.19933001167373732,0.35655502615554724,0.15722501448180992,0.0003062741919230983,0.0004069134644920475,0.0007545745611444513
al3ni_combined227_lora_v1,cfg068_Al3Ni2_rattle_small,Al3Ni2,rattle_small,5,False,1.3790063225314952,1.544320390530629,0.16531406799913384,0.0008806150947325846,0.0011154478060602631,0.002452532439117458
al3ni_combined227_lora_v1,cfg078_AlNi_iso_compression,AlNi,iso_compression,2,False,54.30790941500163,49.61493615383006,-4.6929732611715735,4.119982659887544e-08,4.119982659887544e-08,4.1199826676576595e-08
al3ni_combined227_lora_v1,cfg079_AlNi_iso_expansion,AlNi,iso_expansion,2,False,43.75173541438926,40.22395078982299,-3.527784624566266,7.701778700872018e-09,7.70177870087202e-09,7.701778978247073e-09
al3ni_combined227_lora_v1,cfg036_Al3Ni_rattle_large,Al3Ni,rattle_large,16,False,14.700612154683768,14.670531176079749,-0.030080978604019037,0.005661440281502135,0.007351145923635235,0.01914396844041405
al3ni_combined227_lora_v1,cfg037_Al3Ni_volume_rattle_compression,Al3Ni,volume_rattle_compression,16,False,38.5481726625585,40.742816585861874,2.1946439233033743,0.004916074237539988,0.006124634691890332,0.014282210355904879
al3ni_combined227_lora_v1,cfg055_Al3Ni5_volume_rattle_compression,Al3Ni5,volume_rattle_compression,8,False,45.15304202459447,45.174693270382704,0.02165124578823452,0.0023917206834896967,0.0032204654114659985,0.008920415965539774
al3ni_combined227_lora_v1,cfg092_AlNi3_iso_expansion,AlNi3,iso_expansion,4,False,46.31222702755622,47.15089021556196,0.8386631880057394,2.0950871667012576e-06,2.7011113473263627e-06,4.386082231717958e-06
al3ni_combined227_lora_v1,cfg093_AlNi3_uniaxial_y_compression,AlNi3,uniaxial_y_compression,4,False,1.7935735240826034,1.9647189983516,0.17114547426899662,3.1857201090556618e-06,4.109765407399845e-06,6.6916586494015335e-06
al3ni_combined227_lora_v1,cfg069_Al3Ni2_rattle_large,Al3Ni2,rattle_large,5,False,14.472709966867114,14.600785873699351,0.1280759068322368,0.002304193895616333,0.0030693947835372694,0.007631392982310855
al3ni_combined227_lora_v1,cfg070_Al3Ni2_volume_rattle_compression,Al3Ni2,volume_rattle_compression,5,False,38.804692932535545,40.228668004783685,1.4239750722481403,0.0018710731127781562,0.0023035837541614617,0.005229878949160438
al3ni_combined227_lora_v1,cfg038_Al3Ni_shear_rattle_yz,Al3Ni,shear_rattle_yz,16,False,6.6315737424247345,6.6068456765151495,-0.024728065909584984,0.00523913313918323,0.006414812661009592,0.01706601703545943
al3ni_combined227_lora_v1,cfg039_Al3Ni_biaxial_xy_expansion,Al3Ni,biaxial_xy_expansion,16,False,3.3018284843819856,4.06216063379361,0.7603321494116244,0.0013576475987805002,0.0020855074569047704,0.0056534913627957414
al3ni_combined227_lora_v1,cfg056_Al3Ni5_uniaxial_x_expansion,Al3Ni5,uniaxial_x_expansion,8,False,2.76736243358755,2.103556610563828,-0.663805823023722,0.00021693905774865672,0.00038787710669004494,0.0008786444537020113
al3ni_combined227_lora_v1,cfg094_AlNi3_shear_xy_negative,AlNi3,shear_xy_negative,4,False,0.17978527876039152,0.46289943566080183,0.2831141569004103,3.022480226466283e-06,3.871691497033161e-06,6.311481966122124e-06
al3ni_combined227_lora_v1,cfg095_AlNi3_rattle_small,AlNi3,rattle_small,4,False,1.257035234630166,1.5441174023180793,0.28708216768791317,0.0001852371405113015,0.0002265994597095019,0.0004937678798322964
al3ni_combined227_lora_v1,cfg071_Al3Ni2_orthorhombic_xy,Al3Ni2,orthorhombic_xy,5,False,3.7615190205542604,3.7876901045819977,0.02617108402773738,0.0005243569722330602,0.0008907961689045697,0.0019674950976379946
al3ni_combined227_lora_v1,cfg072_Al3Ni2_shear_rattle_yz_positive,Al3Ni2,shear_rattle_yz_positive,5,False,8.56936299278459,8.638584223081125,0.06922123029653449,0.0031566287457534133,0.004094570900812377,0.008224143186168098
al3ni_combined227_lora_v1,cfg040_Al3Ni_rattle_medium,Al3Ni,rattle_medium,16,False,7.351563499014446,7.484058563477447,0.13249506446300074,0.005069590328058502,0.006246449362494444,0.013213375580942266
al3ni_combined227_lora_v1,cfg041_Al3Ni_uniaxial_z_compression,Al3Ni,uniaxial_z_compression,16,True,4.875081683167082,6.183806367289435,1.3087246841223532,0.0012488045859160165,0.001628192218177857,0.003195188744859752
al3ni_combined227_lora_v1,cfg057_Al3Ni5_shear_rattle_xz_positive,Al3Ni5,shear_rattle_xz_positive,8,False,9.268449131923262,9.655508339164953,0.3870592072416912,0.0034183768577722693,0.00413730731257031,0.00975665270720072
al3ni_combined227_lora_v1,cfg096_AlNi3_rattle_large,AlNi3,rattle_large,4,False,9.867058705822274,10.151335384307458,0.2842766784851847,0.00023769345210318746,0.00031260347752662366,0.0008027608742541686
al3ni_combined227_lora_v1,cfg097_AlNi3_orthorhombic_xz,AlNi3,orthorhombic_xz,4,False,1.477281604820746,1.6950687549979193,0.21778715017717332,3.0404473727787964e-06,3.9219061024492485e-06,6.390209712106782e-06
al3ni_combined227_lora_v1,cfg073_Al3Ni2_biaxial_xy_compression,Al3Ni2,biaxial_xy_compression,5,True,9.294556419627042,10.862588382951799,1.5680319633247564,0.0004293590103285008,0.0008277558659273613,0.0019186349609330161
al3ni_combined227_lora_v1,cfg080_AlNi_uniaxial_x_expansion,AlNi,uniaxial_x_expansion,2,False,1.5216991041597794,1.1613987016971805,-0.36030040246259887,5.954722598655535e-09,6.834555176574258e-09,8.326686631865421e-09
al3ni_combined227_lora_v1,cfg081_AlNi_shear_xy_negative,AlNi,shear_xy_negative,2,False,0.231058732879319,0.41358439693794935,0.18252566405863035,1.1531219969697937e-08,1.1974267030376022e-08,1.6073333443302612e-08
al3ni_combined227_lora_v1,cfg082_AlNi_rattle_small,AlNi,rattle_small,2,False,1.5387227390419866,1.7475869253757992,0.20886418633381254,0.00014727219480642137,0.00016182503371672604,0.00023655470785030608
al3ni_combined227_lora_v1,cfg042_Al3Ni_shear_xz_negative,Al3Ni,shear_xz_negative,16,True,1.1267291429248871,1.1231826574658044,-0.00354648545908276,0.002253573367109347,0.0031461670050091004,0.007510433533990153
al3ni_combined227_lora_v1,cfg043_Al3Ni_volume_rattle_expansion,Al3Ni,volume_rattle_expansion,16,True,53.3830582110113,55.20903897604512,1.825980765033819,0.0033429200734636576,0.004116964189519517,0.009656430009440331
al3ni_combined227_lora_v1,cfg058_Al3Ni5_biaxial_xz_compression,Al3Ni5,biaxial_xz_compression,8,True,8.133062711749517,9.004621411804692,0.871558700055175,0.0001552205446972804,0.0002932652876394107,0.0007728887227876971
al3ni_combined227_lora_v1,cfg098_AlNi3_volume_rattle_compression,AlNi3,volume_rattle_compression,4,False,41.797118823524215,41.39702713564475,-0.4000916878794669,0.00035689507655780353,0.0004409120906603548,0.0008408790277649181
al3ni_combined227_lora_v1,cfg099_AlNi3_biaxial_yz_expansion,AlNi3,biaxial_yz_expansion,4,True,8.194970941076463,8.627215554952272,0.4322446138758096,2.628435231153523e-06,3.389880561467024e-06,5.532998169007641e-06
al3ni_combined227_lora_v1,cfg074_Al3Ni2_shear_xz_negative,Al3Ni2,shear_xz_negative,5,True,1.6846902730321744,1.74195994004549,0.057269667013315484,0.0006111121708368048,0.000816289614848641,0.0017001131371648798
al3ni_combined227_lora_v1,cfg083_AlNi_rattle_large,AlNi,rattle_large,2,False,15.206317639695044,15.440794768437627,0.23447712874258286,0.000838735242592111,0.0008428039588385531,0.0009238157764958621
al3ni_combined227_lora_v1,cfg084_AlNi_volume_rattle_compression,AlNi,volume_rattle_compression,2,False,42.11617575356286,39.23651533341399,-2.8796604201488663,0.00022865233715977049,0.00026791254262537804,0.000421492367740417
al3ni_combined227_lora_v1,cfg085_AlNi_orthorhombic_yz,AlNi,orthorhombic_yz,2,False,1.480019180689851,0.7461966397386277,-0.7338225409512233,1.6109818286733194e-08,1.7428937037168944e-08,2.4921663628607593e-08
al3ni_combined227_lora_v1,cfg044_Al3Ni_shear_rattle_xy_negative,Al3Ni,shear_rattle_xy_negative,16,True,17.271767166676,17.01405383232668,-0.25771333434931876,0.0094569289853658,0.011760079656986758,0.027898072277934283
al3ni_combined227_lora_v1,cfg059_Al3Ni5_shear_yz_negative,Al3Ni5,shear_yz_negative,8,True,0.5225535187491914,-0.4652425104723079,-0.9877960292214993,0.00010350122716617751,0.00021293922658813615,0.0005773884380294086
al3ni_combined227_lora_v1,cfg060_Al3Ni5_volume_rattle_expansion,Al3Ni5,volume_rattle_expansion,8,True,62.01211814095586,59.488967047400365,-2.523151093555498,0.002497503718614508,0.003094557412943622,0.007580988657272712
al3ni_combined227_lora_v1,cfg061_Al3Ni5_rattle_xlarge,Al3Ni5,rattle_xlarge,8,True,26.60392860207139,26.97790116417309,0.3739725621016987,0.00678561111601392,0.007789373968285009,0.01695094089027177
al3ni_combined227_lora_v1,cfg100_AlNi3_shear_rattle_xz_negative,AlNi3,shear_rattle_xz_negative,4,True,7.112080263595999,7.378245140898798,0.26616487730279914,0.0007240837121022972,0.0011278599523918361,0.0026647259592893907
al3ni_combined227_lora_v1,cfg075_Al3Ni2_volume_rattle_expansion,Al3Ni2,volume_rattle_expansion,5,True,59.37633097892103,61.25719744959497,1.8808664706739364,0.002155926153861697,0.002541545578016611,0.006051989429514626
al3ni_combined227_lora_v1,cfg086_AlNi_shear_rattle_xz_positive,AlNi,shear_rattle_xz_positive,2,False,8.240881884375995,8.367646067654277,0.12676418327828287,0.0005717261096508455,0.0007763042683160321,0.0013128493314002038
al3ni_combined227_lora_v1,cfg087_AlNi_biaxial_xz_compression,AlNi,biaxial_xz_compression,2,True,8.897683097529807,8.266539247415494,-0.631143850114313,2.236280617426654e-08,2.3932462041429904e-08,2.8390560555258126e-08
al3ni_combined227_lora_v1,cfg088_AlNi_shear_rattle_yz_negative,AlNi,shear_rattle_yz_negative,2,True,4.560079820748797,4.648012914913124,0.08793309416432749,0.00035470202803966855,0.000404259081999105,0.0005559951359779686
al3ni_combined227_lora_v1,cfg101_Al3Ni_iso_compression,Al3Ni,iso_compression,16,False,86.76732214507865,92.03014926424657,5.262827119167923,0.0014281477693665074,0.001737671585273093,0.00403852971343846
al3ni_combined227_lora_v1,cfg102_Al3Ni_iso_compression,Al3Ni,iso_compression,16,False,20.1459351712856,21.63847176757372,1.4925365962881187,0.0010432001872344955,0.0012757044320644733,0.0024929560696203105
al3ni_combined227_lora_v1,cfg103_Al3Ni_iso_expansion,Al3Ni,iso_expansion,16,False,17.598759964812416,18.335951673634554,0.737191708822138,0.001037643853562092,0.0017019712711544106,0.004354512588526989
al3ni_combined227_lora_v1,cfg104_Al3Ni_volume_rattle_compression,Al3Ni,volume_rattle_compression,16,False,23.18586446995141,24.67774634919806,1.4918818792466482,0.002985487827820406,0.00364662548746186,0.0074506599804274876
al3ni_combined227_lora_v1,cfg105_Al3Ni_volume_rattle_expansion,Al3Ni,volume_rattle_expansion,16,False,20.797195059913065,21.51401067135339,0.7168156114403246,0.0038754349120187575,0.004843246080771095,0.014858590660009944
al3ni_combined227_lora_v1,cfg106_Al3Ni_rattle_020,Al3Ni,rattle_020,16,False,3.792976310251106,3.9361975748306577,0.14322126457955164,0.004383902595784503,0.005308993508830161,0.012446612893823206
al3ni_combined227_lora_v1,cfg107_Al3Ni_volume_rattle_compression,Al3Ni,volume_rattle_compression,16,False,90.33652668176728,95.57968417561824,5.243157493850958,0.0046083584267378455,0.005795390058051557,0.014418652503512245
al3ni_combined227_lora_v1,cfg108_Al3Ni_rattle_030,Al3Ni,rattle_030,16,False,7.821449245057011,7.87826239570677,0.056813150649759336,0.005496715250438979,0.006965953943269034,0.01550624020746022
al3ni_combined227_lora_v1,cfg111_Al3Ni_iso_expansion,Al3Ni,iso_expansion,16,False,85.74967009326429,88.57971673000975,2.8300466367454646,0.00036747018660560695,0.0005196333603816421,0.00134834163306022
al3ni_combined227_lora_v1,cfg112_Al3Ni_volume_rattle_expansion,Al3Ni,volume_rattle_expansion,16,False,86.62471580373676,89.46430267678807,2.839586873051303,0.0019254975504064045,0.0025141408398258558,0.007613611299894046
al3ni_combined227_lora_v1,cfg113_Al3Ni_iso_expansion,Al3Ni,iso_expansion,16,False,122.95074318285515,126.91223228102899,3.9614890981738426,0.0008602049739035562,0.0011667465322574829,0.001869585366356348
al3ni_combined227_lora_v1,cfg114_Al3Ni_volume_rattle_expansion,Al3Ni,volume_rattle_expansion,16,False,124.80328512015149,128.77418065477286,3.970895534621377,0.003916158065545888,0.004583230427836383,0.008226040041019428
al3ni_combined227_lora_v1,cfg115_Al3Ni_iso_expansion,Al3Ni,iso_expansion,16,False,111.22990396893329,114.82435795073798,3.5944539818046906,0.0005353752852422104,0.0006683042457004027,0.0009628346863854165
al3ni_combined227_lora_v1,cfg117_Al3Ni2_biaxial_xy_compression,Al3Ni2,biaxial_xy_compression,5,False,21.653801723732613,24.10110029122734,2.4472985674947267,0.00022071277176075355,0.0005311085542685185,0.001451406120050347
al3ni_combined227_lora_v1,cfg118_AlNi3_volume_rattle_compression,AlNi3,volume_rattle_compression,4,False,29.850395078938163,29.584162562514393,-0.26623251642377,0.0007579262941101646,0.001077002846751343,0.002580467410045917
al3ni_combined227_lora_v1,cfg119_AlNi3_volume_rattle_compression,AlNi3,volume_rattle_compression,4,False,88.32638231388046,87.83169520665979,-0.49468710722067044,0.0010665228345667205,0.0013652725892298137,0.002997270527038687
al3ni_combined227_lora_v1,cfg121_Al3Ni5_uniaxial_x_expansion,Al3Ni5,uniaxial_x_expansion,8,False,5.109471625928563,4.12899552975432,-0.9804760961742431,0.00021640851466299716,0.00039983441586092746,0.00094648134639784
al3ni_combined227_lora_v1,cfg123_Al3Ni_biaxial_xy_expansion,Al3Ni,biaxial_xy_expansion,16,False,7.4319898092198855,8.562750414284892,1.1307606050650065,0.0020869437099043622,0.003368785232378334,0.00992472708645194
al3ni_combined227_lora_v1,cfg125_AlNi_biaxial_xz_compression,AlNi,biaxial_xz_compression,2,False,20.63363168417709,18.50973258524391,-2.1238990989331796,1.656971029019109e-08,1.7013242729735295e-08,1.9298733240375593e-08
al3ni_combined227_lora_v1,cfg127_Al3Ni2_shear_rattle_yz_positive,Al3Ni2,shear_rattle_yz_positive,5,False,7.563403302629013,7.529259233706398,-0.03414406892261468,0.0015667902045219811,0.0017187930143517868,0.0030518732933232373
al3ni_combined227_lora_v1,cfg129_Al3Ni5_shear_rattle_xz_positive,Al3Ni5,shear_rattle_xz_positive,8,False,9.0318519446555,9.498373566202645,0.4665216215471446,0.0029032243999974404,0.0033256144451583075,0.006550871397699304
al3ni_combined227_lora_v1,cfg131_AlNi_shear_rattle_xz_positive,AlNi,shear_rattle_xz_positive,2,False,6.040164796104364,6.072481741739466,0.032316945635102456,0.0004760508854663621,0.0005107834927665332,0.0006362501407739998
al3ni_combined227_lora_v1,cfg133_AlNi_shear_rattle_yz_negative,AlNi,shear_rattle_yz_negative,2,False,9.329609289125074,9.0144226155644,-0.31518667356067454,0.0006408700172612266,0.0007197574023279726,0.0009799111988421788
al3ni_combined227_lora_v1,cfg135_AlNi3_shear_rattle_xz_negative,AlNi3,shear_rattle_xz_negative,4,False,15.770567480103637,16.007119940695702,0.23655246059206547,0.0009436435235895361,0.001134543016743079,0.002388813248034305
al3ni_combined227_lora_v1,cfg137_Al3Ni2_orthorhombic_xy,Al3Ni2,orthorhombic_xy,5,False,8.829022714780876,8.67108193160675,-0.1579407831741264,0.0008750019915591004,0.0013602268777900342,0.002780508833931547
al3ni_combined227_lora_v1,cfg139_AlNi_orthorhombic_yz,AlNi,orthorhombic_yz,2,False,3.3975490423472365,1.7065781316887296,-1.690970910658507,8.886145727452291e-09,1.0421833725279768e-08,1.558102083075094e-08
al3ni_combined227_lora_v1,cfg141_AlNi3_orthorhombic_xz,AlNi3,orthorhombic_xz,4,False,3.6841677451775467,3.8527687638634234,0.16860101868587662,3.0219642007204987e-06,3.903124633638997e-06,6.356692629904282e-06
al3ni_combined227_lora_v1,cfg143_Al3Ni5_biaxial_xz_compression,Al3Ni5,biaxial_xz_compression,8,False,18.911559014668455,19.8724458155084,0.960886800839944,0.00037032571261712966,0.0007031403188380398,0.0018348003779778289
al3ni_combined227_lora_v1,cfg145_AlNi3_biaxial_yz_expansion,AlNi3,biaxial_yz_expansion,4,False,18.431862580200686,18.99726955070946,0.565406970508775,2.412789634314895e-06,3.119842527385261e-06,5.105024993351775e-06
al3ni_combined227_lora_v1,cfg146_AlNi_uniaxial_x_compression,AlNi,uniaxial,2,False,1.8178929562964186,1.7462358659940946,-0.07165709030232392,1.3010840861291117e-08,1.3957498846677963e-08,2.015644009166484e-08
al3ni_combined227_lora_v1,cfg147_AlNi_uniaxial_y_expansion,AlNi,uniaxial,2,False,1.521698878150346,1.1613987016971805,-0.3603001764531655,5.954721316441906e-09,6.834553902767004e-09,8.326684813875218e-09
al3ni_combined227_lora_v1,cfg148_AlNi_uniaxial_y_compression,AlNi,uniaxial,2,False,1.81789301268509,1.7462358659940946,-0.07165714669099543,1.3010840927861131e-08,1.3957498800162826e-08,2.015643973734757e-08
al3ni_combined227_lora_v1,cfg149_AlNi_uniaxial_z_expansion,AlNi,uniaxial,2,False,1.5216990213957615,1.1613987016971805,-0.360300319698581,5.954721339788392e-09,6.83455438372176e-09,8.326686123157762e-09
al3ni_combined227_lora_v1,cfg150_AlNi_uniaxial_z_compression,AlNi,uniaxial,2,False,1.817892666622356,1.7462358659940946,-0.07165680062826141,1.3010840861977778e-08,1.3957498840925589e-08,2.0156440072582882e-08
al3ni_combined227_lora_v1,cfg152_AlNi_biaxial_xy_compression,AlNi,biaxial,2,False,20.633631711007183,18.50973258524391,-2.1238991257632733,1.6569710199045826e-08,1.7013242686136993e-08,1.9298733105934524e-08
al3ni_combined227_lora_v1,cfg153_AlNi_biaxial_xz_expansion,AlNi,biaxial,2,False,15.66224852376763,13.444971660646843,-2.2172768631207873,1.2997599230156072e-08,1.3636979394946325e-08,1.591561422562525e-08
al3ni_combined227_lora_v1,cfg154_AlNi_biaxial_yz_expansion,AlNi,biaxial,2,False,17.51567792643982,15.084097422004561,-2.43158050443526,3.4235032434805357e-09,4.286314558395762e-09,7.071000479585976e-09
al3ni_combined227_lora_v1,cfg155_AlNi_biaxial_yz_compression,AlNi,biaxial,2,False,20.63363178194777,18.50973258524391,-2.12389919670386,1.6569710277758904e-08,1.701324273121556e-08,1.9298733008356328e-08
al3ni_combined227_lora_v1,cfg156_AlNi_orthorhombic_xy_expansion,AlNi,orthorhombic,2,False,2.241778379811876,1.1153161071888462,-1.12646227262303,8.859654131679039e-09,8.972327740749896e-09,1.0602494444900135e-08
al3ni_combined227_lora_v1,cfg157_AlNi_orthorhombic_xy_compression,AlNi,orthorhombic,2,False,2.241778302050079,1.1153161071888462,-1.126462194861233,8.859654062940621e-09,8.972327669981914e-09,1.0602494329974704e-08
al3ni_combined227_lora_v1,cfg158_AlNi_orthorhombic_xz_expansion,AlNi,orthorhombic,2,False,3.397549060082383,1.7065781316887296,-1.6909709283936536,8.886145645233627e-09,1.0421833625139598e-08,1.5581020619548358e-08
al3ni_combined227_lora_v1,cfg159_AlNi_orthorhombic_xz_compression,AlNi,orthorhombic,2,False,3.3975491119235812,1.7065781316887296,-1.6909709802348516,8.886145440210996e-09,1.0421832861555678e-08,1.5581019000183993e-08
al3ni_combined227_lora_v1,cfg160_AlNi_orthorhombic_yz_compression,AlNi,orthorhombic,2,False,2.2417782120101037,1.1153161071888462,-1.1264621048212575,8.859653923403802e-09,8.972327588855048e-09,1.0602494365102855e-08
al3ni_combined227_lora_v1,cfg166_AlNi_shear_rattle_xz_negative,AlNi,shear_rattle,2,False,8.451076053006545,8.455823070562474,0.004747017555928323,0.0009680822993115984,0.0012475488358680514,0.0020648183612178433
al3ni_combined227_lora_v1,cfg170_AlNi_volume_rattle_expansion,AlNi,volume_rattle,2,False,99.97008189429835,94.62941516540013,-5.3406667288982135,0.00020963660716666823,0.0002546447649140417,0.00035997650381637547
al3ni_combined227_lora_v1,cfg172_Al3Ni_uniaxial_x_expansion,Al3Ni,uniaxial,16,False,3.2183521791466774,3.3625911237322725,0.14423894458559516,0.0016517773872788291,0.0021528701720618416,0.004751281727617816
al3ni_combined227_lora_v1,cfg173_Al3Ni_uniaxial_y_compression,Al3Ni,uniaxial,16,False,2.069804367465622,1.735402769782013,-0.334401597683609,0.0010854062335977543,0.0015810081927498127,0.003790996457699959
al3ni_combined227_lora_v1,cfg174_Al3Ni_uniaxial_z_expansion,Al3Ni,uniaxial,16,False,1.9906830773379625,1.160776312190137,-0.8299067651478254,0.0010551122368346068,0.0014873232483851812,0.0040880592581558
al3ni_combined227_lora_v1,cfg175_Al3Ni_uniaxial_z_compression,Al3Ni,uniaxial,16,False,2.1653052699548425,3.13771917512895,0.9724139051741076,0.0009306248104659696,0.001276130115614061,0.0026355050727525416
al3ni_combined227_lora_v1,cfg176_Al3Ni_biaxial_xy_compression,Al3Ni,biaxial,16,False,19.289981296878977,18.946335603004627,-0.3436456938743504,0.00141964063251676,0.0019503135055949532,0.0045773857580908225
al3ni_combined227_lora_v1,cfg177_Al3Ni_biaxial_xz_expansion,Al3Ni,biaxial,16,False,15.11411799083362,14.289637531874178,-0.8244804589594423,0.0040259213968249635,0.00455892221996208,0.007637210174574194
al3ni_combined227_lora_v1,cfg178_Al3Ni_biaxial_xz_compression,Al3Ni,biaxial,16,False,17.730827604736987,18.96452639857671,1.2336987938397215,0.002191418841083654,0.0027869542612419082,0.004874138449499202
al3ni_combined227_lora_v1,cfg179_Al3Ni_biaxial_yz_expansion,Al3Ni,biaxial,16,False,17.393224652550998,16.625013999600924,-0.7682106529500743,0.0020874944354936594,0.0030232949183761925,0.007982753355884123
al3ni_combined227_lora_v1,cfg180_Al3Ni_biaxial_yz_compression,Al3Ni,biaxial,16,False,20.44412283225938,21.287391040914372,0.8432682086549903,0.003137993591360099,0.004671673989619761,0.011470020430882966
al3ni_combined227_lora_v1,cfg181_Al3Ni_orthorhombic_xy_compression,Al3Ni,orthorhombic,16,False,4.89375934535019,3.7503658206787804,-1.14339352467141,0.002577493980011805,0.0032728193858950643,0.007444062783991762
al3ni_combined227_lora_v1,cfg182_Al3Ni_orthorhombic_xz_expansion,Al3Ni,orthorhombic,16,False,6.846769958428922,7.602587902056257,0.7558179436273349,0.00309214952786374,0.004364696355041783,0.010269763721055286
al3ni_combined227_lora_v1,cfg183_Al3Ni_orthorhombic_xz_compression,Al3Ni,orthorhombic,16,False,7.27221670263134,4.211865012166527,-3.060351690464813,0.002409317837104148,0.0033103113320105022,0.008073410104092793
al3ni_combined227_lora_v1,cfg184_Al3Ni_orthorhombic_yz_expansion,Al3Ni,orthorhombic,16,False,4.873410266100109,5.936279093702979,1.0628688276028697,0.0026955276930894826,0.003332847229213737,0.005855170101236241
al3ni_combined227_lora_v1,cfg185_Al3Ni_orthorhombic_yz_compression,Al3Ni,orthorhombic,16,False,4.490208195420564,2.5422652192901296,-1.9479429761304345,0.0038999687971007385,0.00533727798389041,0.010646584363763228
al3ni_combined227_lora_v1,cfg189_Al3Ni_shear_rattle_xz_positive,Al3Ni,shear_rattle,16,False,7.175431135237886,7.055491872279163,-0.1199392629587237,0.005703637430227763,0.0072103528340767605,0.019621859182546157
al3ni_combined227_lora_v1,cfg191_Al3Ni_shear_rattle_xz_negative,Al3Ni,shear_rattle,16,False,7.317794683331158,7.092644243130053,-0.22515044020110508,0.004456437011351813,0.005582691173537988,0.016036584097346693
al3ni_combined227_lora_v1,cfg194_Al3Ni_shear_rattle_yz_negative,Al3Ni,shear_rattle,16,False,12.628109413299171,11.962618128563918,-0.6654912847352534,0.006609186802807314,0.00779098608818605,0.019316243380908052
al3ni_combined227_lora_v1,cfg195_Al3Ni2_uniaxial_x_expansion,Al3Ni2,uniaxial,5,False,3.6901150644553127,3.253111102458206,-0.43700396199710667,0.00036955119066371943,0.0005887411430513092,0.001277579827356835
al3ni_combined227_lora_v1,cfg198_Al3Ni2_uniaxial_y_compression,Al3Ni2,uniaxial,5,False,2.3424534920195583,3.0071105153183453,0.664657023298787,0.0006537390010094025,0.0009630719853913834,0.0017016366095856383
al3ni_combined227_lora_v1,cfg201_Al3Ni2_biaxial_xz_expansion,Al3Ni2,biaxial,5,False,17.11596012719383,17.88265487884928,0.7666947516554501,0.001107066641782961,0.0015626553142870311,0.002994235842741999
al3ni_combined227_lora_v1,cfg202_Al3Ni2_biaxial_xz_compression,Al3Ni2,biaxial,5,False,20.122422139684204,20.599097601734684,0.47667546205047984,0.0008444275883370507,0.0017237708190509789,0.004598437459106736
al3ni_combined227_lora_v1,cfg203_Al3Ni2_biaxial_yz_expansion,Al3Ni2,biaxial,5,False,19.018455042532878,19.84367928780557,0.8252242452726932,0.0013001989491214733,0.001956897193472824,0.004085915765097287
al3ni_combined227_lora_v1,cfg204_Al3Ni2_biaxial_yz_compression,Al3Ni2,biaxial,5,False,22.851514558351482,23.37041180144297,0.5188972430914873,0.0009584968329005544,0.002026461979804289,0.005321441241120009
al3ni_combined227_lora_v1,cfg205_Al3Ni2_orthorhombic_xy_compression,Al3Ni2,orthorhombic,5,False,5.276336183669628,5.215601651798352,-0.060734531871275976,0.0007678478494249879,0.0012348939743605267,0.0026919288565874985
al3ni_combined227_lora_v1,cfg206_Al3Ni2_orthorhombic_xz_expansion,Al3Ni2,orthorhombic,5,False,10.134077793554752,8.89937256797566,-1.2347052255790913,0.0004334019106689948,0.0007012608433988381,0.0016596436408547587
al3ni_combined227_lora_v1,cfg207_Al3Ni2_orthorhombic_xz_compression,Al3Ni2,orthorhombic,5,False,8.933400247769896,11.051935247814981,2.1185350000450853,0.0006437709084837827,0.0010385573134105387,0.002180814179158219
al3ni_combined227_lora_v1,cfg208_Al3Ni2_orthorhombic_yz_expansion,Al3Ni2,orthorhombic,5,False,6.4711001788964495,5.519549833479687,-0.9515503454167629,0.00017711968242588937,0.0002869937137698153,0.0006332501550503078
al3ni_combined227_lora_v1,cfg209_Al3Ni2_orthorhombic_yz_compression,Al3Ni2,orthorhombic,5,False,5.884884593979223,7.657376128554461,1.772491534575238,0.00017802094264011379,0.0002866469408369549,0.0005434974200595744
al3ni_combined227_lora_v1,cfg214_Al3Ni2_shear_rattle_xz_positive,Al3Ni2,shear_rattle,5,False,5.231774076673901,5.2322582523629535,0.0004841756890527904,0.0009894625394248145,0.0013028185941659943,0.0025480005147888174
al3ni_combined227_lora_v1,cfg216_Al3Ni2_shear_rattle_xz_negative,Al3Ni2,shear_rattle,5,False,6.687314145528944,6.668101835020934,-0.019212310508009978,0.002019743787028758,0.002427180173985924,0.004260750947452319
al3ni_combined227_lora_v1,cfg219_Al3Ni2_shear_rattle_yz_negative,Al3Ni2,shear_rattle,5,False,15.682022979672183,15.344214664582978,-0.3378083150892053,0.0022847904591130224,0.0028326005986964785,0.005875405676704443
al3ni_combined227_lora_v1,cfg220_Al3Ni2_volume_rattle_expansion,Al3Ni2,volume_rattle,5,False,95.70276066115184,99.67215515680437,3.969394495652523,0.0026201293978853507,0.003172127147530703,0.006838683340686602
al3ni_combined227_lora_v1,cfg222_Al3Ni5_uniaxial_x_compression,Al3Ni5,uniaxial,8,False,2.1457827133417595,2.9346494834499026,0.7888667701081431,0.00020838440526435025,0.00040729082307232144,0.0010054909532946545
al3ni_combined227_lora_v1,cfg223_Al3Ni5_uniaxial_y_expansion,Al3Ni5,uniaxial,8,False,2.1621061227961036,2.3315895246014406,0.16948340180533705,0.00014700571488713684,0.00033546677617117435,0.0008806204353320156
al3ni_combined227_lora_v1,cfg224_Al3Ni5_uniaxial_z_expansion,Al3Ni5,uniaxial,8,False,2.190166022046469,2.205824226621189,0.015658204574720003,0.000124599815363936,0.0002657417780905854,0.0006522576933996362
al3ni_combined227_lora_v1,cfg227_Al3Ni5_biaxial_xy_compression,Al3Ni5,biaxial,8,False,24.292907501148875,25.006591833516723,0.7136843323678477,0.00043995698825727265,0.000871650161295921,0.002110486539611665
al3ni_combined227_lora_v1,cfg228_Al3Ni5_biaxial_xz_expansion,Al3Ni5,biaxial,8,False,17.85442832397166,16.31746327439032,-1.5369650495813403,0.00041375395528064077,0.000839317699935039,0.0024383998234871335
al3ni_combined227_lora_v1,cfg229_Al3Ni5_biaxial_yz_expansion,Al3Ni5,biaxial,8,False,18.234640710943495,17.427209897505236,-0.8074308134382591,0.00020036237122978434,0.0004612735457065827,0.001154991106597017
al3ni_combined227_lora_v1,cfg230_Al3Ni5_biaxial_yz_compression,Al3Ni5,biaxial,8,False,22.276405330103444,21.662707753421273,-0.6136975766821706,0.0005916502292672901,0.0012144198180281296,0.0030487657819394665
al3ni_combined227_lora_v1,cfg231_Al3Ni5_orthorhombic_xy_expansion,Al3Ni5,orthorhombic,8,False,4.792749064563395,3.993215229911584,-0.799533834651811,0.0003567672432177484,0.0007920773940243933,0.0023531055260625627
al3ni_combined227_lora_v1,cfg232_Al3Ni5_orthorhombic_xy_compression,Al3Ni5,orthorhombic,8,False,4.190288540939946,5.038333430547937,0.8480448896079906,0.00040886390885803417,0.0007671555050797977,0.001941984856211408
al3ni_combined227_lora_v1,cfg233_Al3Ni5_orthorhombic_xz_expansion,Al3Ni5,orthorhombic,8,False,7.744447507775476,6.975525268444471,-0.7689222393310047,0.0005148908703656139,0.0010884949021207331,0.0032232122172864697
al3ni_combined227_lora_v1,cfg234_Al3Ni5_orthorhombic_xz_compression,Al3Ni5,orthorhombic,8,False,6.589519156477763,7.325446772483701,0.735927616005938,0.00036288765909275726,0.0006822571696538166,0.0017229475345985172
al3ni_combined227_lora_v1,cfg235_Al3Ni5_orthorhombic_yz_compression,Al3Ni5,orthorhombic,8,False,6.871058336400893,7.057969082779891,0.18691074637899874,0.00043089571768635293,0.000788978328200268,0.0020074180578017325
al3ni_combined227_lora_v1,cfg241_Al3Ni5_shear_rattle_xz_negative,Al3Ni5,shear_rattle,8,False,6.359821908063168,6.895929253460054,0.5361073453968856,0.002915685734471058,0.0035631275406269713,0.00791510756722033
al3ni_combined227_lora_v1,cfg244_Al3Ni5_shear_rattle_yz_negative,Al3Ni5,shear_rattle,8,False,6.661926597189449,4.286116249659244,-2.375810347530205,0.0027145242161683027,0.0034231176816318706,0.007075063376086897
al3ni_combined227_lora_v1,cfg245_Al3Ni5_volume_rattle_expansion,Al3Ni5,volume_rattle,8,False,102.01621392707239,99.21065414482655,-2.8055597822458367,0.0025451411142142326,0.0030356238890093088,0.006192319522043468
al3ni_combined227_lora_v1,cfg247_AlNi3_uniaxial_x_expansion,AlNi3,uniaxial,4,False,2.8537292814689863,3.2267146207232145,0.37298533925422817,2.79330799692845e-06,3.602538434421631e-06,5.872099726369931e-06
al3ni_combined227_lora_v1,cfg248_AlNi3_uniaxial_x_compression,AlNi3,uniaxial,4,False,1.797152733161056,1.968004617083352,0.1708518839222961,3.1816642277953935e-06,4.099809719670554e-06,6.691717230259688e-06
al3ni_combined227_lora_v1,cfg249_AlNi3_uniaxial_y_expansion,AlNi3,uniaxial,4,False,1.5686769615967933,1.9142038818245055,0.34552692022771225,2.8271167491889744e-06,3.6570037802003322e-06,5.9700644313336396e-06
al3ni_combined227_lora_v1,cfg250_AlNi3_uniaxial_z_expansion,AlNi3,uniaxial,4,False,1.5686770698266628,1.9142038818245055,0.34552681199784274,2.8389361589920883e-06,3.6698541934425654e-06,6.013466350722794e-06
al3ni_combined227_lora_v1,cfg251_AlNi3_uniaxial_z_compression,AlNi3,uniaxial,4,False,1.7935734363163647,1.9647189983516,0.17114556203523534,3.1764776264421147e-06,4.105316696761317e-06,6.683581007588995e-06
al3ni_combined227_lora_v1,cfg252_AlNi3_biaxial_xy_expansion,AlNi3,biaxial,4,False,8.191054362669092,8.623237524716387,0.4321831620472949,2.6343851457734427e-06,3.3890587298063156e-06,5.509061831084311e-06
al3ni_combined227_lora_v1,cfg253_AlNi3_biaxial_xy_compression,AlNi3,biaxial,4,False,22.185528354384587,21.935980627404206,-0.2495477269803814,3.6991345565633145e-06,4.763800526735307e-06,7.781030966567525e-06
al3ni_combined227_lora_v1,cfg254_AlNi3_biaxial_xz_expansion,AlNi3,biaxial,4,False,16.463968620428204,17.00591818871544,0.5419495682872366,2.4700238020095357e-06,3.1773440735447855e-06,5.193075649833934e-06
al3ni_combined227_lora_v1,cfg255_AlNi3_biaxial_xz_compression,AlNi3,biaxial,4,False,19.68208340167621,19.47117425606848,-0.21090914560772944,3.6707390203411573e-06,4.734289718728353e-06,7.764233345697855e-06
al3ni_combined227_lora_v1,cfg256_AlNi3_biaxial_yz_compression,AlNi3,biaxial,4,False,22.177995787387772,21.928713388206234,-0.2492823991815385,3.7297419605419903e-06,4.816967644473533e-06,7.880562424042166e-06
al3ni_combined227_lora_v1,cfg257_AlNi3_orthorhombic_xy_expansion,AlNi3,orthorhombic,4,False,2.336386819024483,2.529243065509945,0.19285624648546218,3.013191129894341e-06,3.890529817351952e-06,6.355629219528033e-06
al3ni_combined227_lora_v1,cfg258_AlNi3_orthorhombic_xy_compression,AlNi3,orthorhombic,4,False,2.3458021560145426,2.5384491782460827,0.19264702223154018,3.0282918482988463e-06,3.900177600753957e-06,6.355744505440251e-06
al3ni_combined227_lora_v1,cfg259_AlNi3_orthorhombic_xz_compression,AlNi3,orthorhombic,4,False,3.6956876874683076,3.8641785286017694,0.1684908411334618,3.006757307836386e-06,3.881753831993726e-06,6.369493623011708e-06
al3ni_combined227_lora_v1,cfg260_AlNi3_orthorhombic_yz_expansion,AlNi3,orthorhombic,4,False,2.3419065200869227,2.534864847348217,0.19295832726129447,3.0327178388688325e-06,3.920127288789721e-06,6.380849471224865e-06
al3ni_combined227_lora_v1,cfg261_AlNi3_orthorhombic_yz_compression,AlNi3,orthorhombic,4,False,2.3419060794367397,2.534864847348217,0.19295876791147748,2.9865699031665505e-06,3.8585992916772595e-06,6.332010697580415e-06
al3ni_combined227_lora_v1,cfg266_AlNi3_shear_rattle_xz_positive,AlNi3,shear_rattle,4,False,7.76414210713483,8.011380244624888,0.24723813749005785,0.0006567812450826964,0.0007966824294059752,0.0018982966098695098
al3ni_combined227_lora_v1,cfg269_AlNi3_shear_rattle_yz_positive,AlNi3,shear_rattle,4,False,4.392710021420498,4.649607706141978,0.2568976847214799,0.0003475181461910968,0.0003994570368641111,0.0007112704577327223
al3ni_combined227_lora_v1,cfg271_AlNi3_shear_rattle_yz_negative,AlNi3,shear_rattle,4,False,12.918730616092944,13.098065548092563,0.17933493199961958,0.0008185502367497127,0.0011591979563918874,0.002245959188401439
al3ni_combined227_lora_v1,cfg272_AlNi3_volume_rattle_expansion,AlNi3,volume_rattle,4,False,108.3222515194393,108.94791648433966,0.6256649649003521,0.0012644227158058678,0.0014122816386832702,0.0023089540796120966
al3ni_combined227_lora_v1,cfg273_Al3Ni_shear_xy_negative,Al3Ni,shear_xy,16,False,3.9125175471781404,3.281510979832092,-0.6310065673460485,0.0035593588192472593,0.005153388687066449,0.011164231357033233
al3ni_combined227_lora_v1,cfg275_Al3Ni5_shear_yz_negative,Al3Ni5,shear_yz,8,False,0.8526529231858149,-0.41060487183131045,-1.2632577950171253,0.000139115380308414,0.00024609029309093257,0.0005748175283778814
al3ni_combined227_lora_v1,cfg276_Al3Ni5_rattle_xxlarge,Al3Ni5,rattle,8,False,37.537689330747526,37.698183632528526,0.1604943017810001,0.005071071233069825,0.006057483905937397,0.012213709484389157
al3ni_combined227_lora_v1,cfg279_Al3Ni2_shear_xy_negative_sweep,Al3Ni2,shear_xy,5,False,7.390555041638436,7.239416809170507,-0.1511382324679289,0.0008730744213878719,0.001145868263606005,0.0022573749087705223
al3ni_combined227_lora_v1,cfg280_AlNi_shear_xy_positive,AlNi,shear_xy,2,False,3.736863185167749,3.7188855649219477,-0.017977620245801518,1.0760709639679478e-08,1.0872226132109597e-08,1.2730363647354276e-08
al3ni_combined227_lora_v1,cfg281_AlNi_shear_yz_positive,AlNi,shear_yz,2,False,3.736863181075023,3.7188855649219477,-0.01797761615307536,1.0760709643907867e-08,1.0872226157935636e-08,1.2730363645185871e-08
al3ni_combined227_lora_v1,cfg282_AlNi_volume_rattle_iso_negative,AlNi,isotropic,2,False,109.21889255996575,99.50470534704436,-9.714187212921388,0.0008031979313718879,0.0011623054217482108,0.0019897877655521423
al3ni_combined227_lora_v1,cfg283_Al3Ni_uniaxial_z_compression,Al3Ni,uniaxial_z,16,False,9.84547835560079,11.538165886804563,1.6926875312037737,0.0012733536712671999,0.0016570370270937566,0.003427340657302453
al3ni_combined227_lora_v1,cfg284_Al3Ni_volume_rattle_compression,Al3Ni,isotropic,16,False,132.61015948410204,140.23718344174085,7.627023957638812,0.004889263259599562,0.006097065467005795,0.01712503046389785
al3ni_combined227_lora_v1,cfg287_Al3Ni_iso_expansion,Al3Ni,iso_expansion,16,False,66.13093277405824,68.39834577954207,2.2674130054838315,0.0006058396011147447,0.0008033106847210912,0.001460878973417526
al3ni_combined227_lora_v1,cfg288_Al3Ni_iso_expansion,Al3Ni,iso_expansion,16,False,82.33291941678544,85.06378772221979,2.730868305434342,0.0004131022126702769,0.0005768970604813678,0.0013775544301465603
al3ni_combined227_lora_v1,cfg289_Al3Ni_iso_expansion,Al3Ni,iso_expansion,16,False,99.98148701993159,103.23289686380122,3.2514098438696237,0.0002651452052628882,0.0004094879616536716,0.0011472523252463972
al3ni_combined227_lora_v1,cfg290_Al3Ni_volume_rattle_expansion,Al3Ni,volume_rattle_expansion,16,False,40.85529341750771,42.28263034929114,1.4273369317834295,0.003468848618618176,0.004461022478920958,0.012181585581020095
al3ni_combined227_lora_v1,cfg292_Al3Ni_volume_rattle_expansion,Al3Ni,volume_rattle_expansion,16,False,67.42691811405166,69.68195574290803,2.255037628856371,0.0035909032879915237,0.0041543685478406,0.008947310414851098
al3ni_combined227_lora_v1,cfg293_Al3Ni_volume_rattle_expansion,Al3Ni,volume_rattle_expansion,16,False,83.65178988265143,86.3972371246291,2.745447241977672,0.003707499312331634,0.004772469235070547,0.010758720031853769
al3ni_combined227_lora_v1,cfg294_Al3Ni_volume_rattle_expansion,Al3Ni,volume_rattle_expansion,16,False,101.56649535815632,104.79466416086325,3.228168802706932,0.0035270893714454674,0.004600665198754037,0.013301414737417
